planet_name,star_num,planet_num,moon_num,discovery_ref,pl_orbper,pl_rade,pl_masse,stellar_rad,stellar_mass,distance
Proxima Cen b,3,1,0,<a refstr=ANGLADA_ESCUD_EACUTE__ET_AL__2016 href=https://ui.adsabs.harvard.edu/abs/2016Natur.536..437A/abstract target=ref>Anglada-Escud&eacute; et al. 2016</a>,11.1855,,,0.15,,1.30119
Proxima Cen b,3,1,0,<a refstr=ANGLADA_ESCUD_EACUTE__ET_AL__2016 href=https://ui.adsabs.harvard.edu/abs/2016Natur.536..437A/abstract target=ref>Anglada-Escud&eacute; et al. 2016</a>,11.186,,,0.14,0.12,1.30119
eps Eri b,1,1,0,<a refstr=HATZES_ET_AL__2000 href=https://ui.adsabs.harvard.edu/abs/2000ApJ...544L.145H/abstract target=ref> Hatzes et al. 2000 </a>,2502,,492.6365,,0.83,3.2026
eps Eri b,1,1,0,<a refstr=HATZES_ET_AL__2000 href=https://ui.adsabs.harvard.edu/abs/2000ApJ...544L.145H/abstract target=ref> Hatzes et al. 2000 </a>,2502.1,,540.311,,0.85,3.2026
eps Eri b,1,1,0,<a refstr=HATZES_ET_AL__2000 href=https://ui.adsabs.harvard.edu/abs/2000ApJ...544L.145H/abstract target=ref> Hatzes et al. 2000 </a>,2690,,247.9074,,0.78,3.2026
GJ 887 b,1,2,0,<a refstr=JEFFERS_ET_AL__2020 href=https://ui.adsabs.harvard.edu/abs/2020arXiv200616372J/abstract target=ref>Jeffers et al. 2020</a>,9.262,,,0.47,0.49,3.29
GJ 887 c,1,2,0,<a refstr=JEFFERS_ET_AL__2020 href=https://ui.adsabs.harvard.edu/abs/2020arXiv200616372J/abstract target=ref>Jeffers et al. 2020</a>,21.789,,,0.47,0.49,3.29
Ross 128 b,1,1,0,<a refstr=BONFILS_ET_AL__2018 href=https://ui.adsabs.harvard.edu/abs/2018A&A...613A..25B/abstract target=ref>Bonfils et al. 2018</a>,9.8658,,,0.2,0.17,3.37454
GJ 15 A b,2,2,0,<a refstr=HOWARD_ET_AL__2014 href=https://ui.adsabs.harvard.edu/abs/2014ApJ...794...51H/abstract target=ref>Howard et al. 2014</a>,11.4407,,,0.38,0.38,3.56228
GJ 15 A b,2,2,0,<a refstr=HOWARD_ET_AL__2014 href=https://ui.adsabs.harvard.edu/abs/2014ApJ...794...51H/abstract target=ref>Howard et al. 2014</a>,11.4433,,,0.39,0.38,3.56228
GJ 15 A c,2,2,0,<a refstr=PINAMONTI_ET_AL__2018 href=https://ui.adsabs.harvard.edu/abs/2018A&A...617A.104P/abstract target=ref>Pinamonti et al. 2018</a>,7600,,,0.38,0.38,3.56228
tau Cet e,1,4,0,<a refstr=FENG_ET_AL__2017 href=https://ui.adsabs.harvard.edu/abs/2017AJ....154..135F/abstract target=ref>Feng et al. 2017</a>,162.87,,,,0.78,3.60304
tau Cet f,1,4,0,<a refstr=FENG_ET_AL__2017 href=https://ui.adsabs.harvard.edu/abs/2017AJ....154..135F/abstract target=ref>Feng et al. 2017</a>,636.13,,,,0.78,3.60304
tau Cet g,1,4,0,<a refstr=FENG_ET_AL__2017 href=https://ui.adsabs.harvard.edu/abs/2017AJ....154..135F/abstract target=ref>Feng et al. 2017</a>,20,,,,0.78,3.60304
tau Cet h,1,4,0,<a refstr=FENG_ET_AL__2017 href=https://ui.adsabs.harvard.edu/abs/2017AJ....154..135F/abstract target=ref>Feng et al. 2017</a>,49.41,,,,0.78,3.60304
eps Ind A b,3,1,0,<a refstr=FENG_ET_AL__2019 href=https://ui.adsabs.harvard.edu/abs/2019MNRAS.490.5002F/abstract target=ref>Feng et al. 2019</a>,16510,,1032.9475,,0.75,3.63857
GJ 1061 b,1,3,0,<a refstr=DREIZLER_ET_AL__2020 href=https://ui.adsabs.harvard.edu/abs/2020MNRAS.493..536D/abstract target=ref>Dreizler et al. 2020</a>,3.204,,,0.16,0.12,3.67278
GJ 1061 c,1,3,0,<a refstr=DREIZLER_ET_AL__2020 href=https://ui.adsabs.harvard.edu/abs/2020MNRAS.493..536D/abstract target=ref>Dreizler et al. 2020</a>,6.689,,,0.16,0.12,3.67278
GJ 1061 d,1,3,0,<a refstr=DREIZLER_ET_AL__2020 href=https://ui.adsabs.harvard.edu/abs/2020MNRAS.493..536D/abstract target=ref>Dreizler et al. 2020</a>,13.031,,,0.16,0.12,3.67278
YZ Cet b,1,3,0,<a refstr=ASTUDILLO_DEFRU_ET_AL__2017 href=https://ui.adsabs.harvard.edu/abs/2017A&A...605L..11A/abstract target=ref>Astudillo-Defru et al. 2017</a>,1.9689,,,0.17,0.13,3.71207
YZ Cet b,1,3,0,<a refstr=ASTUDILLO_DEFRU_ET_AL__2017 href=https://ui.adsabs.harvard.edu/abs/2017A&A...605L..11A/abstract target=ref>Astudillo-Defru et al. 2017</a>,1.96876,,,0.17,0.13,3.71207
YZ Cet c,1,3,0,<a refstr=ASTUDILLO_DEFRU_ET_AL__2017 href=https://ui.adsabs.harvard.edu/abs/2017A&A...605L..11A/abstract target=ref>Astudillo-Defru et al. 2017</a>,0.75215,,,0.17,0.13,3.71207
YZ Cet c,1,3,0,<a refstr=ASTUDILLO_DEFRU_ET_AL__2017 href=https://ui.adsabs.harvard.edu/abs/2017A&A...605L..11A/abstract target=ref>Astudillo-Defru et al. 2017</a>,3.06008,,,0.17,0.13,3.71207
YZ Cet d,1,3,0,<a refstr=ASTUDILLO_DEFRU_ET_AL__2017 href=https://ui.adsabs.harvard.edu/abs/2017A&A...605L..11A/abstract target=ref>Astudillo-Defru et al. 2017</a>,4.65627,,,0.17,0.13,3.71207
YZ Cet d,1,3,0,<a refstr=ASTUDILLO_DEFRU_ET_AL__2017 href=https://ui.adsabs.harvard.edu/abs/2017A&A...605L..11A/abstract target=ref>Astudillo-Defru et al. 2017</a>,4.6568,,,0.17,0.13,3.71207
Teegarden's Star b,1,2,0,<a refstr=ZECHMEISTER_ET_AL__2019 href=https://ui.adsabs.harvard.edu/abs/2019A&A...627A..49Z/abstract target=ref>Zechmeister et al. 2019</a>,4.91,,,0.11,0.09,3.83078
Teegarden's Star c,1,2,0,<a refstr=ZECHMEISTER_ET_AL__2019 href=https://ui.adsabs.harvard.edu/abs/2019A&A...627A..49Z/abstract target=ref>Zechmeister et al. 2019</a>,11.409,,,0.11,0.09,3.83078
Kapteyn c,1,1,0,<a refstr=ANGLADA_ESCUD_EACUTE__ET_AL__2014 href=https://ui.adsabs.harvard.edu/abs/2014MNRAS.443L..89A/abstract target=ref> Anglada-Escud&eacute; et al. 2014</a>,121.54,,,0.29,0.28,3.93305
Wolf 1061 b,1,3,0,<a refstr=WRIGHT_ET_AL__2016 href=https://ui.adsabs.harvard.edu/abs/2016ApJ...817L..20W/abstract target=ref>Wright et al. 2016</a>,4.8876,,,,0.25,4.30592
Wolf 1061 b,1,3,0,<a refstr=WRIGHT_ET_AL__2016 href=https://ui.adsabs.harvard.edu/abs/2016ApJ...817L..20W/abstract target=ref>Wright et al. 2016</a>,4.8869,,,0.31,0.29,4.30592
Wolf 1061 c,1,3,0,<a refstr=WRIGHT_ET_AL__2016 href=https://ui.adsabs.harvard.edu/abs/2016ApJ...817L..20W/abstract target=ref>Wright et al. 2016</a>,17.8719,,,0.31,0.29,4.30592
Wolf 1061 c,1,3,0,<a refstr=WRIGHT_ET_AL__2016 href=https://ui.adsabs.harvard.edu/abs/2016ApJ...817L..20W/abstract target=ref>Wright et al. 2016</a>,17.867,,,,0.25,4.30592
Wolf 1061 d,1,3,0,<a refstr=WRIGHT_ET_AL__2016 href=https://ui.adsabs.harvard.edu/abs/2016ApJ...817L..20W/abstract target=ref>Wright et al. 2016</a>,217.21,,,0.31,0.29,4.30592
Wolf 1061 d,1,3,0,<a refstr=WRIGHT_ET_AL__2016 href=https://ui.adsabs.harvard.edu/abs/2016ApJ...817L..20W/abstract target=ref>Wright et al. 2016</a>,67.27,,,,0.25,4.30592
GJ 9066 b,1,2,0,<a refstr=FENG_ET_AL__2020 href=https://ui.adsabs.harvard.edu/abs/2020arXiv200807998F/abstract target=ref>Feng et al. 2020</a>,241.883,,,,0.15,4.471
GJ 9066 c,1,2,0,<a refstr=FENG_ET_AL__2020 href=https://ui.adsabs.harvard.edu/abs/2020arXiv200807998F/abstract target=ref>Feng et al. 2020</a>,767.887,,,,0.15,4.471
GJ 674 b,1,1,0,<a refstr=BONFILS_ET_AL__2007 href=https://ui.adsabs.harvard.edu/abs/2007A&A...474..293B/abstract target=ref> Bonfils et al. 2007 </a>,4.6938,,,,0.35,4.54896
GJ 687 b,1,2,0,<a refstr=BURT_ET_AL__2014 href=https://ui.adsabs.harvard.edu/abs/2014ApJ...789..114B/abstract target=ref> Burt et al. 2014</a>,38.14,,,0.42,0.41,4.54939
GJ 687 b,1,2,0,<a refstr=BURT_ET_AL__2014 href=https://ui.adsabs.harvard.edu/abs/2014ApJ...789..114B/abstract target=ref> Burt et al. 2014</a>,38.142,,,,0.4,4.54939
GJ 687 b,1,2,0,<a refstr=BURT_ET_AL__2014 href=https://ui.adsabs.harvard.edu/abs/2014ApJ...789..114B/abstract target=ref> Burt et al. 2014</a>,38.14,,,0.43,0.45,4.54939
GJ 687 c,1,2,0,<a refstr=FENG_ET_AL__2020 href=https://ui.adsabs.harvard.edu/abs/2020arXiv200807998F/abstract target=ref>Feng et al. 2020</a>,727.562,,,,0.4,4.54939
GJ 876 b,1,4,0,<a refstr=MARCY_ET_AL__1998 href=https://ui.adsabs.harvard.edu/abs/1998ApJ...505L.147M/abstract target=ref> Marcy et al. 1998 </a>,60.85,,,0.35,0.34,4.67517
GJ 876 b,1,4,0,<a refstr=MARCY_ET_AL__1998 href=https://ui.adsabs.harvard.edu/abs/1998ApJ...505L.147M/abstract target=ref> Marcy et al. 1998 </a>,61.02,,,0.35,0.34,4.67517
GJ 876 b,1,4,0,<a refstr=MARCY_ET_AL__1998 href=https://ui.adsabs.harvard.edu/abs/1998ApJ...505L.147M/abstract target=ref> Marcy et al. 1998 </a>,61.1166,,723.2235,0.3,0.32,4.67517
GJ 876 b,1,4,0,<a refstr=MARCY_ET_AL__1998 href=https://ui.adsabs.harvard.edu/abs/1998ApJ...505L.147M/abstract target=ref> Marcy et al. 1998 </a>,60.83,,804.076,0.35,0.34,4.67517
GJ 876 b,1,4,0,<a refstr=MARCY_ET_AL__1998 href=https://ui.adsabs.harvard.edu/abs/1998ApJ...505L.147M/abstract target=ref> Marcy et al. 1998 </a>,61.087,,845.3,,0.37,4.67517
GJ 876 b,1,4,0,<a refstr=MARCY_ET_AL__1998 href=https://ui.adsabs.harvard.edu/abs/1998ApJ...505L.147M/abstract target=ref> Marcy et al. 1998 </a>,61.082,,,0.35,0.34,4.67517
GJ 876 b,1,4,0,<a refstr=MARCY_ET_AL__1998 href=https://ui.adsabs.harvard.edu/abs/1998ApJ...505L.147M/abstract target=ref> Marcy et al. 1998 </a>,61.065,,839.04,,0.33,4.67517
GJ 876 c,1,4,0,<a refstr=MARCY_ET_AL__2001 href=https://ui.adsabs.harvard.edu/abs/2001ApJ...556..296M/abstract target=ref> Marcy et al. 2001 </a>,30.259,,273.32,,0.33,4.67517
GJ 876 c,1,4,0,<a refstr=MARCY_ET_AL__2001 href=https://ui.adsabs.harvard.edu/abs/2001ApJ...556..296M/abstract target=ref> Marcy et al. 2001 </a>,30.126,,,0.35,0.34,4.67517
GJ 876 c,1,4,0,<a refstr=MARCY_ET_AL__2001 href=https://ui.adsabs.harvard.edu/abs/2001ApJ...556..296M/abstract target=ref> Marcy et al. 2001 </a>,30.0881,,226.9846,0.3,0.32,4.67517
GJ 876 c,1,4,0,<a refstr=MARCY_ET_AL__2001 href=https://ui.adsabs.harvard.edu/abs/2001ApJ...556..296M/abstract target=ref> Marcy et al. 2001 </a>,30.12,,,0.35,0.34,4.67517
GJ 876 c,1,4,0,<a refstr=MARCY_ET_AL__2001 href=https://ui.adsabs.harvard.edu/abs/2001ApJ...556..296M/abstract target=ref> Marcy et al. 2001 </a>,30.0784,,266.2,,0.37,4.67517
GJ 876 c,1,4,0,<a refstr=MARCY_ET_AL__2001 href=https://ui.adsabs.harvard.edu/abs/2001ApJ...556..296M/abstract target=ref> Marcy et al. 2001 </a>,30.455,,251.075,0.35,0.34,4.67517
GJ 876 d,1,4,0,<a refstr=RIVERA_ET_AL__2005 href=https://ui.adsabs.harvard.edu/abs/2005ApJ...634..625R/abstract target=ref> Rivera et al. 2005 </a>,1.93778,,6.83,0.3,0.32,4.67517
GJ 876 d,1,4,0,<a refstr=RIVERA_ET_AL__2005 href=https://ui.adsabs.harvard.edu/abs/2005ApJ...634..625R/abstract target=ref> Rivera et al. 2005 </a>,1.93774,,7.53,0.35,0.34,4.67517
GJ 876 d,1,4,0,<a refstr=RIVERA_ET_AL__2005 href=https://ui.adsabs.harvard.edu/abs/2005ApJ...634..625R/abstract target=ref> Rivera et al. 2005 </a>,1.93778,,,0.35,0.34,4.67517
GJ 876 d,1,4,0,<a refstr=RIVERA_ET_AL__2005 href=https://ui.adsabs.harvard.edu/abs/2005ApJ...634..625R/abstract target=ref> Rivera et al. 2005 </a>,1.93785,,,,0.33,4.67517
GJ 876 d,1,4,0,<a refstr=RIVERA_ET_AL__2005 href=https://ui.adsabs.harvard.edu/abs/2005ApJ...634..625R/abstract target=ref> Rivera et al. 2005 </a>,1.937848,,7.49,,0.37,4.67517
GJ 876 d,1,4,0,<a refstr=RIVERA_ET_AL__2005 href=https://ui.adsabs.harvard.edu/abs/2005ApJ...634..625R/abstract target=ref> Rivera et al. 2005 </a>,1.938,,,0.35,0.34,4.67517
GJ 876 e,1,4,0,<a refstr=RIVERA_ET_AL__2010 href=https://ui.adsabs.harvard.edu/abs/2010ApJ...719..890R/abstract target=ref> Rivera et al. 2010 </a>,124.4,,,0.35,0.34,4.67517
GJ 876 e,1,4,0,<a refstr=RIVERA_ET_AL__2010 href=https://ui.adsabs.harvard.edu/abs/2010ApJ...719..890R/abstract target=ref> Rivera et al. 2010 </a>,124.26,,14.6,0.3,0.32,4.67517
GJ 876 e,1,4,0,<a refstr=RIVERA_ET_AL__2010 href=https://ui.adsabs.harvard.edu/abs/2010ApJ...719..890R/abstract target=ref> Rivera et al. 2010 </a>,124.5,,16.58,,0.37,4.67517
GJ 832 b,1,2,0,<a refstr=BAILEY_ET_AL__2009 href=https://ui.adsabs.harvard.edu/abs/2009ApJ...690..743B/abstract target=ref> Bailey et al. 2009 </a>,3507,,,0.44,0.44,4.96435
GJ 832 b,1,2,0,<a refstr=BAILEY_ET_AL__2009 href=https://ui.adsabs.harvard.edu/abs/2009ApJ...690..743B/abstract target=ref> Bailey et al. 2009 </a>,3657,,,,0.45,4.96435
GJ 832 b,1,2,0,<a refstr=BAILEY_ET_AL__2009 href=https://ui.adsabs.harvard.edu/abs/2009ApJ...690..743B/abstract target=ref> Bailey et al. 2009 </a>,3416,,,0.48,0.45,4.96435
GJ 832 c,1,2,0,<a refstr=WITTENMYER_ET_AL__2014 href=https://ui.adsabs.harvard.edu/abs/2014ApJ...791..114W/abstract target=ref> Wittenmyer et al. 2014</a>,35.68,,,,0.45,4.96435
GJ 682 b,1,2,0,<a refstr=TUOMI_ET_AL__2014 href=https://ui.adsabs.harvard.edu/abs/2014MNRAS.441.1545T/abstract target=ref>Tuomi et al. 2014</a>,17.478,,,,0.27,5.00671
GJ 682 c,1,2,0,<a refstr=TUOMI_ET_AL__2014 href=https://ui.adsabs.harvard.edu/abs/2014MNRAS.441.1545T/abstract target=ref>Tuomi et al. 2014</a>,57.32,,,,0.27,5.00671
HD 26965 b,3,1,0,<a refstr=MA_ET_AL__2018 href=https://ui.adsabs.harvard.edu/abs/2018MNRAS.480.2411M/abstract target=ref>Ma et al. 2018</a>,42.378,,,0.87,0.78,5.03545
GJ 3323 b,1,2,0,<a refstr=ASTUDILLO_DEFRU_ET_AL__2017 href=https://ui.adsabs.harvard.edu/abs/2017A&A...602A..88A/abstract target=ref>Astudillo-Defru et al. 2017</a>,5.3636,,,0.12,0.16,5.37484
GJ 3323 c,1,2,0,<a refstr=ASTUDILLO_DEFRU_ET_AL__2017 href=https://ui.adsabs.harvard.edu/abs/2017A&A...602A..88A/abstract target=ref>Astudillo-Defru et al. 2017</a>,40.54,,,0.12,0.16,5.37484
GJ 411 b,1,1,0,<a refstr=D_IACUTE_AZ_ET_AL__2019 href=https://ui.adsabs.harvard.edu/abs/2019A&A...625A..17D/abstract target=ref>D&iacute;az et al. 2019</a>,12.9532,,,0.39,0.39,5.675773
GJ 229 A c,2,2,0,<a refstr=FENG_ET_AL__2020 href=https://ui.adsabs.harvard.edu/abs/2020ApJS..246...11F/abstract target=ref>Feng et al. 2020</a>,121.995,,,,0.58,5.75624
GJ 229 b,2,2,0,<a refstr=TUOMI_ET_AL__2014 href=https://ui.adsabs.harvard.edu/abs/2014MNRAS.441.1545T/abstract target=ref>Tuomi et al. 2014</a>,526.115,,,,0.58,5.75624
GJ 229 b,2,2,0,<a refstr=TUOMI_ET_AL__2014 href=https://ui.adsabs.harvard.edu/abs/2014MNRAS.441.1545T/abstract target=ref>Tuomi et al. 2014</a>,471,,,,0.58,5.75624
HD 180617 b,2,1,0,<a refstr=KAMINSKI_ET_AL__2018 href=https://ui.adsabs.harvard.edu/abs/2018A&A...618A.115K/abstract target=ref>Kaminski et al. 2018</a>,105.9,,,0.45,0.45,5.91059
HD 180617 b,2,1,0,<a refstr=KAMINSKI_ET_AL__2018 href=https://ui.adsabs.harvard.edu/abs/2018A&A...618A.115K/abstract target=ref>Kaminski et al. 2018</a>,105.911,,,0.48,0.48,5.91059
GJ 273 b,1,2,0,<a refstr=ASTUDILLO_DEFRU_ET_AL__2017 href=https://ui.adsabs.harvard.edu/abs/2017A&A...602A..88A/abstract target=ref>Astudillo-Defru et al. 2017</a>,18.6498,,,0.29,0.29,5.921535
GJ 273 c,1,2,0,<a refstr=ASTUDILLO_DEFRU_ET_AL__2017 href=https://ui.adsabs.harvard.edu/abs/2017A&A...602A..88A/abstract target=ref>Astudillo-Defru et al. 2017</a>,4.7234,,,0.29,0.29,5.921535
HD 20794 b,1,4,0,<a refstr=PEPE_ET_AL__2011 href=https://ui.adsabs.harvard.edu/abs/2011A%26A...534A..58P/abstract target=ref> Pepe et al. 2011 </a>,18.315,,,,0.7,6.00278
HD 20794 b,1,4,0,<a refstr=PEPE_ET_AL__2011 href=https://ui.adsabs.harvard.edu/abs/2011A%26A...534A..58P/abstract target=ref> Pepe et al. 2011 </a>,18.33,,,,0.81,6.00278
HD 20794 c,1,4,0,<a refstr=PEPE_ET_AL__2011 href=https://ui.adsabs.harvard.edu/abs/2011A%26A...534A..58P/abstract target=ref> Pepe et al. 2011 </a>,43.17,,,,0.81,6.00278
HD 20794 c,1,4,0,<a refstr=PEPE_ET_AL__2011 href=https://ui.adsabs.harvard.edu/abs/2011A%26A...534A..58P/abstract target=ref> Pepe et al. 2011 </a>,40.114,,,,0.7,6.00278
HD 20794 d,1,4,0,<a refstr=PEPE_ET_AL__2011 href=https://ui.adsabs.harvard.edu/abs/2011A%26A...534A..58P/abstract target=ref> Pepe et al. 2011 </a>,88.9,,,,0.81,6.00278
HD 20794 d,1,4,0,<a refstr=PEPE_ET_AL__2011 href=https://ui.adsabs.harvard.edu/abs/2011A%26A...534A..58P/abstract target=ref> Pepe et al. 2011 </a>,90.309,,,,0.7,6.00278
HD 20794 e,1,4,0,<a refstr=FENG_ET_AL__2017 href=https://ui.adsabs.harvard.edu/abs/2017A&A...605A.103F/abstract target=ref>Feng et al. 2017</a>,147.02,,,,0.81,6.00278
GJ 581 b,1,3,0,<a refstr=BONFILS_ET_AL__2005 href=https://ui.adsabs.harvard.edu/abs/2005A&A...443L..15B/abstract target=ref> Bonfils et al. 2005 </a>,5.3686,,,0.33,0.31,6.2981
GJ 581 b,1,3,0,<a refstr=BONFILS_ET_AL__2005 href=https://ui.adsabs.harvard.edu/abs/2005A&A...443L..15B/abstract target=ref> Bonfils et al. 2005 </a>,5.36841,,,0.29,0.31,6.2981
GJ 581 b,1,3,0,<a refstr=BONFILS_ET_AL__2005 href=https://ui.adsabs.harvard.edu/abs/2005A&A...443L..15B/abstract target=ref> Bonfils et al. 2005 </a>,5.36874,,,,,6.2981
GJ 581 b,1,3,0,<a refstr=BONFILS_ET_AL__2005 href=https://ui.adsabs.harvard.edu/abs/2005A&A...443L..15B/abstract target=ref> Bonfils et al. 2005 </a>,5.368,,,0.33,0.31,6.2981
GJ 581 b,1,3,0,<a refstr=BONFILS_ET_AL__2005 href=https://ui.adsabs.harvard.edu/abs/2005A&A...443L..15B/abstract target=ref> Bonfils et al. 2005 </a>,5.366,,,0.29,0.31,6.2981
GJ 581 c,1,3,0,<a refstr=UDRY_ET_AL__2007 href=https://ui.adsabs.harvard.edu/abs/2007A&A...469L..43U/abstract target=ref> Udry et al. 2007 </a>,12.919,,,0.33,0.31,6.2981
GJ 581 c,1,3,0,<a refstr=UDRY_ET_AL__2007 href=https://ui.adsabs.harvard.edu/abs/2007A&A...469L..43U/abstract target=ref> Udry et al. 2007 </a>,12.9191,,,0.29,0.31,6.2981
GJ 581 c,1,3,0,<a refstr=UDRY_ET_AL__2007 href=https://ui.adsabs.harvard.edu/abs/2007A&A...469L..43U/abstract target=ref> Udry et al. 2007 </a>,12.914,,,0.33,0.31,6.2981
GJ 581 c,1,3,0,<a refstr=UDRY_ET_AL__2007 href=https://ui.adsabs.harvard.edu/abs/2007A&A...469L..43U/abstract target=ref> Udry et al. 2007 </a>,12.9292,,,,,6.2981
GJ 581 e,1,3,0,<a refstr=MAYOR_ET_AL__2009 href=https://ui.adsabs.harvard.edu/abs/2009A&A...507..487M/abstract target=ref> Mayor et al. 2009 </a>,3.14867,,,0.29,0.31,6.2981
GJ 581 e,1,3,0,<a refstr=MAYOR_ET_AL__2009 href=https://ui.adsabs.harvard.edu/abs/2009A&A...507..487M/abstract target=ref> Mayor et al. 2009 </a>,3.149,,,0.33,0.31,6.2981
GJ 581 e,1,3,0,<a refstr=MAYOR_ET_AL__2009 href=https://ui.adsabs.harvard.edu/abs/2009A&A...507..487M/abstract target=ref> Mayor et al. 2009 </a>,3.153,,,0.33,0.31,6.2981
GJ 581 e,1,3,0,<a refstr=MAYOR_ET_AL__2009 href=https://ui.adsabs.harvard.edu/abs/2009A&A...507..487M/abstract target=ref> Mayor et al. 2009 </a>,3.14942,,,,,6.2981
GJ 338 B b,2,1,0,<a refstr=GONZ_AACUTE_LEZ__AACUTE_LVAREZ_ET_AL__2020 href=https://ui.adsabs.harvard.edu/abs/2020A&A...637A..93G/abstract target=ref>Gonz&aacute;lez-&Aacute;lvarez et al. 2020</a>,24.45,,,0.58,0.64,6.33256
GJ 625 b,1,1,0,<a refstr=SU_AACUTE_REZ_MASCARE_NTILDE_O_ET_AL__2017 href=https://ui.adsabs.harvard.edu/abs/2017A&A...605A..92S/abstract target=ref>Su&aacute;rez Mascare&ntilde;o et al. 2017</a>,14.628,,,0.31,0.3,6.47249
HD 219134 b,1,6,0,<a refstr=MOTALEBI_ET_AL__2015 href=https://ui.adsabs.harvard.edu/abs/2015A&A...584A..72M/abstract target=ref>Motalebi et al. 2015</a>,3.092926,1.602,4.74,0.78,0.81,6.53127
HD 219134 b,1,6,0,<a refstr=MOTALEBI_ET_AL__2015 href=https://ui.adsabs.harvard.edu/abs/2015A&A...584A..72M/abstract target=ref>Motalebi et al. 2015</a>,3.0935,1.606,,0.78,0.78,6.53127
HD 219134 b,1,6,0,<a refstr=MOTALEBI_ET_AL__2015 href=https://ui.adsabs.harvard.edu/abs/2015A&A...584A..72M/abstract target=ref>Motalebi et al. 2015</a>,3.0931,,,0.77,0.79,6.53127
HD 219134 c,1,6,0,<a refstr=MOTALEBI_ET_AL__2015 href=https://ui.adsabs.harvard.edu/abs/2015A&A...584A..72M/abstract target=ref>Motalebi et al. 2015</a>,6.767,,,0.78,0.78,6.53127
HD 219134 c,1,6,0,<a refstr=MOTALEBI_ET_AL__2015 href=https://ui.adsabs.harvard.edu/abs/2015A&A...584A..72M/abstract target=ref>Motalebi et al. 2015</a>,6.7635,,,0.77,0.79,6.53127
HD 219134 c,1,6,0,<a refstr=MOTALEBI_ET_AL__2015 href=https://ui.adsabs.harvard.edu/abs/2015A&A...584A..72M/abstract target=ref>Motalebi et al. 2015</a>,6.76458,1.511,4.36,0.78,0.81,6.53127
HD 219134 d,1,6,0,<a refstr=MOTALEBI_ET_AL__2015 href=https://ui.adsabs.harvard.edu/abs/2015A&A...584A..72M/abstract target=ref>Motalebi et al. 2015</a>,46.859,1.61,16.17,0.78,0.81,6.53127
HD 219134 d,1,6,0,<a refstr=MOTALEBI_ET_AL__2015 href=https://ui.adsabs.harvard.edu/abs/2015A&A...584A..72M/abstract target=ref>Motalebi et al. 2015</a>,46.66,,,0.78,0.78,6.53127
HD 219134 d,1,6,0,<a refstr=MOTALEBI_ET_AL__2015 href=https://ui.adsabs.harvard.edu/abs/2015A&A...584A..72M/abstract target=ref>Motalebi et al. 2015</a>,46.71,,,0.77,0.79,6.53127
HD 219134 f,1,6,0,<a refstr=VOGT_ET_AL__2015 href=https://ui.adsabs.harvard.edu/abs/2015ApJ...814...12V/abstract target=ref>Vogt et al. 2015</a>,22.717,1.31,7.3,0.78,0.81,6.53127
HD 219134 f,1,6,0,<a refstr=VOGT_ET_AL__2015 href=https://ui.adsabs.harvard.edu/abs/2015ApJ...814...12V/abstract target=ref>Vogt et al. 2015</a>,22.805,,,0.77,0.79,6.53127
HD 219134 g,1,6,0,<a refstr=VOGT_ET_AL__2015 href=https://ui.adsabs.harvard.edu/abs/2015ApJ...814...12V/abstract target=ref>Vogt et al. 2015</a>,94.2,,,0.77,0.79,6.53127
HD 219134 h,1,6,0,<a refstr=MOTALEBI_ET_AL__2015 href=https://ui.adsabs.harvard.edu/abs/2015A&A...584A..72M/abstract target=ref>Motalebi et al. 2015</a>,2247,,,0.77,0.79,6.53127
HD 219134 h,1,6,0,<a refstr=MOTALEBI_ET_AL__2015 href=https://ui.adsabs.harvard.edu/abs/2015A&A...584A..72M/abstract target=ref>Motalebi et al. 2015</a>,2146,,,,0.79,6.53127
HD 219134 h,1,6,0,<a refstr=MOTALEBI_ET_AL__2015 href=https://ui.adsabs.harvard.edu/abs/2015A&A...584A..72M/abstract target=ref>Motalebi et al. 2015</a>,1842,,,0.78,0.78,6.53127
LTT 1445 A b,3,1,0,<a refstr=WINTERS_ET_AL__2019 href=https://ui.adsabs.harvard.edu/abs/2019AJ....158..152W/abstract target=ref>Winters et al. 2019</a>,5.35882,1.38,2.2,0.28,0.26,6.86929
LTT 1445 A b,3,1,0,<a refstr=WINTERS_ET_AL__2019 href=https://ui.adsabs.harvard.edu/abs/2019AJ....158..152W/abstract target=ref>Winters et al. 2019</a>,5.35877,1.223,,0.28,,6.86929
GJ 667 C b,3,5,0,<a refstr=BONFILS_ET_AL__2013 href=https://ui.adsabs.harvard.edu/abs/2013A%26A...549A.109B/abstract target=ref> Bonfils et al. 2013 </a>,7.1999,,,,,7.24396
GJ 667 C b,3,5,0,<a refstr=BONFILS_ET_AL__2013 href=https://ui.adsabs.harvard.edu/abs/2013A%26A...549A.109B/abstract target=ref> Bonfils et al. 2013 </a>,7.2,,,,,7.24396
GJ 667 C b,3,5,0,<a refstr=BONFILS_ET_AL__2013 href=https://ui.adsabs.harvard.edu/abs/2013A%26A...549A.109B/abstract target=ref> Bonfils et al. 2013 </a>,7.2004,,,,0.33,7.24396
GJ 667 C b,3,5,0,<a refstr=BONFILS_ET_AL__2013 href=https://ui.adsabs.harvard.edu/abs/2013A%26A...549A.109B/abstract target=ref> Bonfils et al. 2013 </a>,7.20066,,,,,7.24396
GJ 667 C c,3,5,0,<a refstr=BONFILS_ET_AL__2013 href=https://ui.adsabs.harvard.edu/abs/2013A%26A...549A.109B/abstract target=ref> Bonfils et al. 2013 </a>,28.143,,,,,7.24396
GJ 667 C c,3,5,0,<a refstr=BONFILS_ET_AL__2013 href=https://ui.adsabs.harvard.edu/abs/2013A%26A...549A.109B/abstract target=ref> Bonfils et al. 2013 </a>,28.14,,,,0.33,7.24396
GJ 667 C c,3,5,0,<a refstr=BONFILS_ET_AL__2013 href=https://ui.adsabs.harvard.edu/abs/2013A%26A...549A.109B/abstract target=ref> Bonfils et al. 2013 </a>,28.1,,,,,7.24396
GJ 667 C c,3,5,0,<a refstr=BONFILS_ET_AL__2013 href=https://ui.adsabs.harvard.edu/abs/2013A%26A...549A.109B/abstract target=ref> Bonfils et al. 2013 </a>,28.155,,,,,7.24396
GJ 667 C e,3,5,0,<a refstr=ANGLADA_ESCUDE_ET_AL__2013 href=https://ui.adsabs.harvard.edu/abs/2013A%26A...556A.126A/abstract target=ref> Anglada-Escude et al. 2013 </a>,62.24,,,,0.33,7.24396
GJ 667 C f,3,5,0,<a refstr=ANGLADA_ESCUDE_ET_AL__2013 href=https://ui.adsabs.harvard.edu/abs/2013A%26A...556A.126A/abstract target=ref> Anglada-Escude et al. 2013 </a>,39.026,,,,0.33,7.24396
GJ 667 C g,3,5,0,<a refstr=ANGLADA_ESCUDE_ET_AL__2013 href=https://ui.adsabs.harvard.edu/abs/2013A%26A...556A.126A/abstract target=ref> Anglada-Escude et al. 2013 </a>,256.2,,,,0.33,7.24396
Gl 686 b,1,1,0,<a refstr=AFFER_ET_AL__2019 href=https://ui.adsabs.harvard.edu/abs/2019A&A...622A.193A/abstract target=ref>Affer et al. 2019</a>,15.53209,,,0.42,0.42,8.15728
Gl 686 b,1,1,0,<a refstr=AFFER_ET_AL__2019 href=https://ui.adsabs.harvard.edu/abs/2019A&A...622A.193A/abstract target=ref>Affer et al. 2019</a>,15.5314,,,0.43,0.43,8.15728
Gl 686 b,1,1,0,<a refstr=AFFER_ET_AL__2019 href=https://ui.adsabs.harvard.edu/abs/2019A&A...622A.193A/abstract target=ref>Affer et al. 2019</a>,15.53,,,0.43,0.43,8.15728
61 Vir b,1,3,0,<a refstr=VOGT_ET_AL__2010 href=https://ui.adsabs.harvard.edu/abs/2010ApJ...708.1366V/abstract target=ref> Vogt et al. 2010 </a>,4.215,,,0.96,0.94,8.50332
61 Vir c,1,3,0,<a refstr=VOGT_ET_AL__2010 href=https://ui.adsabs.harvard.edu/abs/2010ApJ...708.1366V/abstract target=ref> Vogt et al. 2010 </a>,38.021,,,0.96,0.94,8.50332
61 Vir d,1,3,0,<a refstr=VOGT_ET_AL__2010 href=https://ui.adsabs.harvard.edu/abs/2010ApJ...708.1366V/abstract target=ref> Vogt et al. 2010 </a>,123.01,,,0.96,0.94,8.50332
HD 192310 b,1,2,0,<a refstr=PEPE_ET_AL__2011 href=https://ui.adsabs.harvard.edu/abs/2011A%26A...534A..58P/abstract target=ref> Pepe et al. 2011 </a>,74.39,,,0.73,0.85,8.79687
HD 192310 b,1,2,0,<a refstr=PEPE_ET_AL__2011 href=https://ui.adsabs.harvard.edu/abs/2011A%26A...534A..58P/abstract target=ref> Pepe et al. 2011 </a>,74.72,,,,0.8,8.79687
HD 192310 c,1,2,0,<a refstr=PEPE_ET_AL__2011 href=https://ui.adsabs.harvard.edu/abs/2011A%26A...534A..58P/abstract target=ref> Pepe et al. 2011 </a>,525.8,,,,0.8,8.79687
GJ 849 b,1,1,0,<a refstr=BUTLER_ET_AL__2006 href=https://ui.adsabs.harvard.edu/abs/2006PASP..118.1685B/abstract target=ref> Butler et al. 2006 </a>,1845,,,,0.49,8.80058
GJ 849 b,1,1,0,<a refstr=BUTLER_ET_AL__2006 href=https://ui.adsabs.harvard.edu/abs/2006PASP..118.1685B/abstract target=ref> Butler et al. 2006 </a>,1924,,,0.46,0.46,8.80058
GJ 849 b,1,1,0,<a refstr=BUTLER_ET_AL__2006 href=https://ui.adsabs.harvard.edu/abs/2006PASP..118.1685B/abstract target=ref> Butler et al. 2006 </a>,1890,,,,0.49,8.80058
GJ 849 b,1,1,0,<a refstr=BUTLER_ET_AL__2006 href=https://ui.adsabs.harvard.edu/abs/2006PASP..118.1685B/abstract target=ref> Butler et al. 2006 </a>,1882,,,0.53,0.65,8.80058
GJ 433 b,1,3,0,<a refstr=BONFILS_ET_AL__2013 href=https://ui.adsabs.harvard.edu/abs/2013A%26A...549A.109B/abstract target=ref> Bonfils et al. 2013 </a>,7.3705,,,,0.48,9.06456
GJ 433 b,1,3,0,<a refstr=BONFILS_ET_AL__2013 href=https://ui.adsabs.harvard.edu/abs/2013A%26A...549A.109B/abstract target=ref> Bonfils et al. 2013 </a>,7.3709,,,,0.48,9.06456
GJ 433 b,1,3,0,<a refstr=BONFILS_ET_AL__2013 href=https://ui.adsabs.harvard.edu/abs/2013A%26A...549A.109B/abstract target=ref> Bonfils et al. 2013 </a>,7.3709,,,0.5,0.59,9.06456
GJ 433 b,1,3,0,<a refstr=BONFILS_ET_AL__2013 href=https://ui.adsabs.harvard.edu/abs/2013A%26A...549A.109B/abstract target=ref> Bonfils et al. 2013 </a>,7.3697,,,,0.48,9.06456
GJ 433 c,1,3,0,<a refstr=TUOMI_ET_AL__2014 href=https://ui.adsabs.harvard.edu/abs/2014MNRAS.441.1545T/abstract target=ref>Tuomi et al. 2014</a>,5094.105,,,,0.48,9.06456
GJ 433 c,1,3,0,<a refstr=TUOMI_ET_AL__2014 href=https://ui.adsabs.harvard.edu/abs/2014MNRAS.441.1545T/abstract target=ref>Tuomi et al. 2014</a>,3400,,,,0.48,9.06456
GJ 433 d,1,3,0,<a refstr=FENG_ET_AL__2020 href=https://ui.adsabs.harvard.edu/abs/2020ApJS..246...11F/abstract target=ref>Feng et al. 2020</a>,36.059,,,,0.48,9.06456
HD 102365 b,2,1,0,<a refstr=TINNEY_ET_AL__2011 href=https://ui.adsabs.harvard.edu/abs/2011ApJ...727..103T/abstract target=ref> Tinney et al. 2011 </a>,122.1,,,,0.85,9.2894
GJ 357 b,1,3,0,<a refstr=LUQUE_ET_AL__2019 href=https://ui.adsabs.harvard.edu/abs/2019A&A...628A..39L/abstract target=ref>Luque et al. 2019</a>,3.930792,1.305,,0.36,,9.44181
GJ 357 b,1,3,0,<a refstr=LUQUE_ET_AL__2019 href=https://ui.adsabs.harvard.edu/abs/2019A&A...628A..39L/abstract target=ref>Luque et al. 2019</a>,3.93072,1.217,1.84,0.34,0.34,9.44181
GJ 357 c,1,3,0,<a refstr=LUQUE_ET_AL__2019 href=https://ui.adsabs.harvard.edu/abs/2019A&A...628A..39L/abstract target=ref>Luque et al. 2019</a>,9.1247,,,0.34,0.34,9.44181
GJ 357 d,1,3,0,<a refstr=LUQUE_ET_AL__2019 href=https://ui.adsabs.harvard.edu/abs/2019A&A...628A..39L/abstract target=ref>Luque et al. 2019</a>,55.661,,,0.34,0.34,9.44181
HD 285968 b,1,1,0,<a refstr=FORVEILLE_ET_AL__2009 href=https://ui.adsabs.harvard.edu/abs/2009A&A...493..645F/abstract target=ref> Forveille et al. 2009 </a>,8.7836,,,,0.5,9.47045
HD 285968 b,1,1,0,<a refstr=FORVEILLE_ET_AL__2009 href=https://ui.adsabs.harvard.edu/abs/2009A&A...493..645F/abstract target=ref> Forveille et al. 2009 </a>,8.776,,,0.49,0.48,9.47045
GJ 3512 b,1,1,0,<a refstr=MORALES_ET_AL__2019 href=https://ui.adsabs.harvard.edu/abs/2019Sci...365.1441M/abstract target=ref>Morales et al. 2019</a>,203.59,,,0.14,0.12,9.48637
AU Mic b,1,1,0,<a refstr=PLAVCHAN_ET_AL__2020 href=https://ui.adsabs.harvard.edu/abs/2020Natur.582..497P/abstract target=ref>Plavchan et al. 2020</a>,8.46321,4.203,,0.75,0.5,9.7221
GJ 436 b,1,1,0,<a refstr=BUTLER_ET_AL__2004 href=https://ui.adsabs.harvard.edu/abs/2004ApJ...617..580B/abstract target=ref> Butler et al. 2004 </a>,2.64389788,4.191,23.13802,,,9.75321
GJ 436 b,1,1,0,<a refstr=BUTLER_ET_AL__2004 href=https://ui.adsabs.harvard.edu/abs/2004ApJ...617..580B/abstract target=ref> Butler et al. 2004 </a>,2.6438904,4.04,,0.45,0.45,9.75321
GJ 436 b,1,1,0,<a refstr=BUTLER_ET_AL__2004 href=https://ui.adsabs.harvard.edu/abs/2004ApJ...617..580B/abstract target=ref> Butler et al. 2004 </a>,2.64389846,,,0.43,0.42,9.75321
GJ 436 b,1,1,0,<a refstr=BUTLER_ET_AL__2004 href=https://ui.adsabs.harvard.edu/abs/2004ApJ...617..580B/abstract target=ref> Butler et al. 2004 </a>,2.64388312,4.17,22.1,0.46,0.47,9.75321
GJ 436 b,1,1,0,<a refstr=BUTLER_ET_AL__2004 href=https://ui.adsabs.harvard.edu/abs/2004ApJ...617..580B/abstract target=ref> Butler et al. 2004 </a>,2.644,,,0.43,0.42,9.75321
GJ 436 b,1,1,0,<a refstr=BUTLER_ET_AL__2004 href=https://ui.adsabs.harvard.edu/abs/2004ApJ...617..580B/abstract target=ref> Butler et al. 2004 </a>,2.64389803,,25.4,0.45,0.45,9.75321
GJ 436 b,1,1,0,<a refstr=BUTLER_ET_AL__2004 href=https://ui.adsabs.harvard.edu/abs/2004ApJ...617..580B/abstract target=ref> Butler et al. 2004 </a>,,,21.67601,,0.45,9.75321
GJ 436 b,1,1,0,<a refstr=BUTLER_ET_AL__2004 href=https://ui.adsabs.harvard.edu/abs/2004ApJ...617..580B/abstract target=ref> Butler et al. 2004 </a>,2.64389803,4.1,25.4,0.46,0.56,9.75321
GJ 436 b,1,1,0,<a refstr=BUTLER_ET_AL__2004 href=https://ui.adsabs.harvard.edu/abs/2004ApJ...617..580B/abstract target=ref> Butler et al. 2004 </a>,2.64386,4.2,23.1,0.45,,9.75321
GJ 436 b,1,1,0,<a refstr=BUTLER_ET_AL__2004 href=https://ui.adsabs.harvard.edu/abs/2004ApJ...617..580B/abstract target=ref> Butler et al. 2004 </a>,2.64385,4.222,23.1688,0.46,0.45,9.75321
GJ 436 b,1,1,0,<a refstr=BUTLER_ET_AL__2004 href=https://ui.adsabs.harvard.edu/abs/2004ApJ...617..580B/abstract target=ref> Butler et al. 2004 </a>,2.643943,,,0.43,0.42,9.75321
GJ 436 b,1,1,0,<a refstr=BUTLER_ET_AL__2004 href=https://ui.adsabs.harvard.edu/abs/2004ApJ...617..580B/abstract target=ref> Butler et al. 2004 </a>,2.6438986,,,,,9.75321
GJ 436 b,1,1,0,<a refstr=BUTLER_ET_AL__2004 href=https://ui.adsabs.harvard.edu/abs/2004ApJ...617..580B/abstract target=ref> Butler et al. 2004 </a>,2.64385,,,,0.44,9.75321
GJ 436 b,1,1,0,<a refstr=BUTLER_ET_AL__2004 href=https://ui.adsabs.harvard.edu/abs/2004ApJ...617..580B/abstract target=ref> Butler et al. 2004 </a>,2.643859,,,0.43,0.42,9.75321
GJ 436 b,1,1,0,<a refstr=BUTLER_ET_AL__2004 href=https://ui.adsabs.harvard.edu/abs/2004ApJ...617..580B/abstract target=ref> Butler et al. 2004 </a>,2.6438979,3.96,,0.44,0.45,9.75321
GJ 436 b,1,1,0,<a refstr=BUTLER_ET_AL__2004 href=https://ui.adsabs.harvard.edu/abs/2004ApJ...617..580B/abstract target=ref> Butler et al. 2004 </a>,2.6,4.26,23.201,,,9.75321
GJ 436 b,1,1,0,<a refstr=BUTLER_ET_AL__2004 href=https://ui.adsabs.harvard.edu/abs/2004ApJ...617..580B/abstract target=ref> Butler et al. 2004 </a>,2.64389524,4.091,23.42407,0.45,0.46,9.75321
GJ 436 b,1,1,0,<a refstr=BUTLER_ET_AL__2004 href=https://ui.adsabs.harvard.edu/abs/2004ApJ...617..580B/abstract target=ref> Butler et al. 2004 </a>,2.6441,,,,0.41,9.75321
Gl 49 b,2,1,0,<a refstr=PERGER_ET_AL__2019 href=https://ui.adsabs.harvard.edu/abs/2019A&A...624A.123P/abstract target=ref>Perger et al. 2019</a>,13.8508,,,0.51,0.52,9.8528
GJ 1265 b,1,1,0,<a refstr=LUQUE_ET_AL__2018 href=https://ui.adsabs.harvard.edu/abs/2018A&A...620A.171L/abstract target=ref>Luque et al. 2018</a>,3.6511,,,0.19,0.18,10.2525
GJ 649 b,1,1,0,<a refstr=JOHNSON_ET_AL__2010 href=https://ui.adsabs.harvard.edu/abs/2010PASP..122..149J/abstract target=ref> Johnson et al. 2010 </a>,598.3,,,,0.54,10.3796
GJ 536 b,1,1,0,<a refstr=SU_AACUTE_REZ_MASCARE_NTILDE_O_ET_AL__2017 href=https://ui.adsabs.harvard.edu/abs/2017A&A...597A.108S/abstract target=ref>Su&aacute;rez Mascare&ntilde;o et al. 2017</a>,8.708,,,0.51,0.51,10.4092
GJ 536 b,1,1,0,<a refstr=SU_AACUTE_REZ_MASCARE_NTILDE_O_ET_AL__2017 href=https://ui.adsabs.harvard.edu/abs/2017A&A...597A.108S/abstract target=ref>Su&aacute;rez Mascare&ntilde;o et al. 2017</a>,8.7076,,,0.5,0.52,10.4092
HIP 48714 b,1,1,0,<a refstr=FENG_ET_AL__2020 href=https://ui.adsabs.harvard.edu/abs/2020arXiv200807998F/abstract target=ref>Feng et al. 2020</a>,17.818,,,,0.58,10.5298
L 98-59 b,1,3,0,<a refstr=KOSTOV_ET_AL__2019 href=https://ui.adsabs.harvard.edu/abs/2019AJ....158...32K/abstract target=ref>Kostov et al. 2019</a>,2.2531,0.8,1.01,0.31,0.31,10.6194
L 98-59 b,1,3,0,<a refstr=KOSTOV_ET_AL__2019 href=https://ui.adsabs.harvard.edu/abs/2019AJ....158...32K/abstract target=ref>Kostov et al. 2019</a>,2.25289,0.844,,0.31,,10.6194
L 98-59 b,1,3,0,<a refstr=KOSTOV_ET_AL__2019 href=https://ui.adsabs.harvard.edu/abs/2019AJ....158...32K/abstract target=ref>Kostov et al. 2019</a>,2.25314,0.8,,0.31,0.31,10.6194
L 98-59 c,1,3,0,<a refstr=KOSTOV_ET_AL__2019 href=https://ui.adsabs.harvard.edu/abs/2019AJ....158...32K/abstract target=ref>Kostov et al. 2019</a>,3.69063,1.361,,0.31,,10.6194
L 98-59 c,1,3,0,<a refstr=KOSTOV_ET_AL__2019 href=https://ui.adsabs.harvard.edu/abs/2019AJ....158...32K/abstract target=ref>Kostov et al. 2019</a>,3.690621,1.35,,0.31,0.31,10.6194
L 98-59 c,1,3,0,<a refstr=KOSTOV_ET_AL__2019 href=https://ui.adsabs.harvard.edu/abs/2019AJ....158...32K/abstract target=ref>Kostov et al. 2019</a>,3.6904,1.35,2.42,0.31,0.31,10.6194
L 98-59 d,1,3,0,<a refstr=KOSTOV_ET_AL__2019 href=https://ui.adsabs.harvard.edu/abs/2019AJ....158...32K/abstract target=ref>Kostov et al. 2019</a>,7.45086,1.57,,0.31,0.31,10.6194
L 98-59 d,1,3,0,<a refstr=KOSTOV_ET_AL__2019 href=https://ui.adsabs.harvard.edu/abs/2019AJ....158...32K/abstract target=ref>Kostov et al. 2019</a>,7.4512,1.57,2.31,0.31,0.31,10.6194
L 98-59 d,1,3,0,<a refstr=KOSTOV_ET_AL__2019 href=https://ui.adsabs.harvard.edu/abs/2019AJ....158...32K/abstract target=ref>Kostov et al. 2019</a>,7.449056,1.467,,0.31,,10.6194
HD 147379 b,2,1,0,<a refstr=REINERS_ET_AL__2018 href=https://ui.adsabs.harvard.edu/abs/2018A&A...609L...5R/abstract target=ref>Reiners et al. 2018</a>,86.54,,,0.57,0.58,10.7643
HD 147379 b,2,1,0,<a refstr=REINERS_ET_AL__2018 href=https://ui.adsabs.harvard.edu/abs/2018A&A...609L...5R/abstract target=ref>Reiners et al. 2018</a>,86.78,,,,0.6,10.7643
GJ 86 b,2,1,0,<a refstr=QUELOZ_ET_AL__2000 href=https://ui.adsabs.harvard.edu/abs/2000A&A...354...99Q/abstract target=ref> Queloz et al. 2000 </a>,15.76491,,,0.77,0.93,10.7836
GJ 86 b,2,1,0,<a refstr=QUELOZ_ET_AL__2000 href=https://ui.adsabs.harvard.edu/abs/2000A&A...354...99Q/abstract target=ref> Queloz et al. 2000 </a>,15.76491,,,,0.77,10.7836
GJ 86 b,2,1,0,<a refstr=QUELOZ_ET_AL__2000 href=https://ui.adsabs.harvard.edu/abs/2000A&A...354...99Q/abstract target=ref> Queloz et al. 2000 </a>,15.764,,,,0.8,10.7836
GJ 1148 b,1,2,0,<a refstr=HAGHIGHIPOUR_ET_AL__2010 href=https://ui.adsabs.harvard.edu/abs/2010ApJ...715..271H/abstract target=ref> Haghighipour et al. 2010 </a>,41.397,,,0.36,0.34,11.0143
GJ 1148 b,1,2,0,<a refstr=HAGHIGHIPOUR_ET_AL__2010 href=https://ui.adsabs.harvard.edu/abs/2010ApJ...715..271H/abstract target=ref> Haghighipour et al. 2010 </a>,41.38,,,0.36,0.34,11.0143
GJ 1148 c,1,2,0,<a refstr=TRIFONOV_ET_AL__2018 href=https://ui.adsabs.harvard.edu/abs/2018A&A...609A.117T/abstract target=ref>Trifonov et al. 2018</a>,532.58,,,0.36,0.34,11.0143
HD 3651 b,1,1,0,<a refstr=FISCHER_ET_AL__2003 href=https://ui.adsabs.harvard.edu/abs/2003ApJ...590.1081F/abstract target=ref> Fischer et al. 2003 </a>,62.25,,,,0.8,11.1336
HD 3651 b,1,1,0,<a refstr=FISCHER_ET_AL__2003 href=https://ui.adsabs.harvard.edu/abs/2003ApJ...590.1081F/abstract target=ref> Fischer et al. 2003 </a>,62.206,,,0.87,0.9,11.1336
HD 3651 b,1,1,0,<a refstr=FISCHER_ET_AL__2003 href=https://ui.adsabs.harvard.edu/abs/2003ApJ...590.1081F/abstract target=ref> Fischer et al. 2003 </a>,62.197,,,0.87,0.9,11.1336
HD 3651 b,1,1,0,<a refstr=FISCHER_ET_AL__2003 href=https://ui.adsabs.harvard.edu/abs/2003ApJ...590.1081F/abstract target=ref> Fischer et al. 2003 </a>,62.218,,,,0.88,11.1336
HD 85512 b,1,1,0,<a refstr=PEPE_ET_AL__2011 href=https://ui.adsabs.harvard.edu/abs/2011A%26A...534A..58P/abstract target=ref> Pepe et al. 2011 </a>,58.43,,,0.71,0.43,11.281
HD 85512 b,1,1,0,<a refstr=PEPE_ET_AL__2011 href=https://ui.adsabs.harvard.edu/abs/2011A%26A...534A..58P/abstract target=ref> Pepe et al. 2011 </a>,58.43,,,,0.69,11.281
Ross 458 c,2,1,0,<a refstr=BURGASSER_ET_AL__2010 href=https://ui.adsabs.harvard.edu/abs/2010ApJ...725.1405B/abstract target=ref> Burgasser et al. 2010 </a>,,,2542.64,0.56,0.56,11.5094
Ross 458 c,2,1,0,<a refstr=BURGASSER_ET_AL__2010 href=https://ui.adsabs.harvard.edu/abs/2010ApJ...725.1405B/abstract target=ref> Burgasser et al. 2010 </a>,,14.011,1906.98,0.56,0.56,11.5094
GJ 96 b,1,1,0,<a refstr=HOBSON_ET_AL__2018 href=https://ui.adsabs.harvard.edu/abs/2018A&A...618A.103H/abstract target=ref>Hobson et al. 2018</a>,73.94,,,,0.6,11.9315
GJ 180 b,1,3,0,<a refstr=TUOMI_ET_AL__2014 href=https://ui.adsabs.harvard.edu/abs/2014MNRAS.441.1545T/abstract target=ref>Tuomi et al. 2014</a>,17.38,,,,0.43,11.9407
GJ 180 b,1,3,0,<a refstr=TUOMI_ET_AL__2014 href=https://ui.adsabs.harvard.edu/abs/2014MNRAS.441.1545T/abstract target=ref>Tuomi et al. 2014</a>,17.133,,,,0.43,11.9407
GJ 180 c,1,3,0,<a refstr=TUOMI_ET_AL__2014 href=https://ui.adsabs.harvard.edu/abs/2014MNRAS.441.1545T/abstract target=ref>Tuomi et al. 2014</a>,24.329,,,,0.43,11.9407
GJ 180 d,1,3,0,<a refstr=FENG_ET_AL__2020 href=https://ui.adsabs.harvard.edu/abs/2020ApJS..246...11F/abstract target=ref>Feng et al. 2020</a>,106.3,,,,0.43,11.9407
GJ 179 b,1,1,0,<a refstr=HOWARD_ET_AL__2010 href=https://ui.adsabs.harvard.edu/abs/2010ApJ...721.1467H/abstract target=ref> Howard et al. 2010 </a>,2288,,,0.38,0.36,12.356
HD 69830 b,1,3,0,<a refstr=LOVIS_ET_AL__2006 href=https://ui.adsabs.harvard.edu/abs/2006Natur.441..305L/abstract target=ref> Lovis et al. 2006 </a>,8.667,,,,0.86,12.5591
HD 69830 c,1,3,0,<a refstr=LOVIS_ET_AL__2006 href=https://ui.adsabs.harvard.edu/abs/2006Natur.441..305L/abstract target=ref> Lovis et al. 2006 </a>,31.56,,,,0.86,12.5591
HD 69830 d,1,3,0,<a refstr=LOVIS_ET_AL__2006 href=https://ui.adsabs.harvard.edu/abs/2006Natur.441..305L/abstract target=ref> Lovis et al. 2006 </a>,197,,,,0.86,12.5591
55 Cnc b,2,5,0,<a refstr=BUTLER_ET_AL__1997 href=https://ui.adsabs.harvard.edu/abs/1997ApJ...474L.115B/abstract target=ref> Butler et al. 1997 </a>,14.651,,,0.96,0.9,12.5855
55 Cnc b,2,5,0,<a refstr=BUTLER_ET_AL__1997 href=https://ui.adsabs.harvard.edu/abs/1997ApJ...474L.115B/abstract target=ref> Butler et al. 1997 </a>,14.465314,,266.966,0.96,0.9,12.5855
55 Cnc b,2,5,0,<a refstr=BUTLER_ET_AL__1997 href=https://ui.adsabs.harvard.edu/abs/1997ApJ...474L.115B/abstract target=ref> Butler et al. 1997 </a>,14.647,,,,,12.5855
55 Cnc b,2,5,0,<a refstr=BUTLER_ET_AL__1997 href=https://ui.adsabs.harvard.edu/abs/1997ApJ...474L.115B/abstract target=ref> Butler et al. 1997 </a>,14.6,,254.25,,,12.5855
55 Cnc b,2,5,0,<a refstr=BUTLER_ET_AL__1997 href=https://ui.adsabs.harvard.edu/abs/1997ApJ...474L.115B/abstract target=ref> Butler et al. 1997 </a>,14.65162,,,0.96,0.9,12.5855
55 Cnc b,2,5,0,<a refstr=BUTLER_ET_AL__1997 href=https://ui.adsabs.harvard.edu/abs/1997ApJ...474L.115B/abstract target=ref> Butler et al. 1997 </a>,14.67,,,,0.95,12.5855
55 Cnc b,2,5,0,<a refstr=BUTLER_ET_AL__1997 href=https://ui.adsabs.harvard.edu/abs/1997ApJ...474L.115B/abstract target=ref> Butler et al. 1997 </a>,14.65152,,263.9785,,0.95,12.5855
55 Cnc b,2,5,0,<a refstr=BUTLER_ET_AL__1997 href=https://ui.adsabs.harvard.edu/abs/1997ApJ...474L.115B/abstract target=ref> Butler et al. 1997 </a>,14.6516,,,0.94,0.91,12.5855
55 Cnc b,2,5,0,<a refstr=BUTLER_ET_AL__1997 href=https://ui.adsabs.harvard.edu/abs/1997ApJ...474L.115B/abstract target=ref> Butler et al. 1997 </a>,14.653,,,,0.95,12.5855
55 Cnc b,2,5,0,<a refstr=BUTLER_ET_AL__1997 href=https://ui.adsabs.harvard.edu/abs/1997ApJ...474L.115B/abstract target=ref> Butler et al. 1997 </a>,14.65126,,,0.96,0.9,12.5855
55 Cnc b,2,5,0,<a refstr=BUTLER_ET_AL__1997 href=https://ui.adsabs.harvard.edu/abs/1997ApJ...474L.115B/abstract target=ref> Butler et al. 1997 </a>,14.648,,,,0.85,12.5855
55 Cnc c,2,5,0,<a refstr=MCARTHUR_ET_AL__2004 href=https://ui.adsabs.harvard.edu/abs/2004ApJ...614L..81M/abstract target=ref> McArthur et al. 2004 </a>,44.4175,,54.4738,,0.95,12.5855
55 Cnc c,2,5,0,<a refstr=MCARTHUR_ET_AL__2004 href=https://ui.adsabs.harvard.edu/abs/2004ApJ...614L..81M/abstract target=ref> McArthur et al. 2004 </a>,44.373,,56.6985,0.96,0.9,12.5855
55 Cnc c,2,5,0,<a refstr=MCARTHUR_ET_AL__2004 href=https://ui.adsabs.harvard.edu/abs/2004ApJ...614L..81M/abstract target=ref> McArthur et al. 2004 </a>,44.38,,,0.96,0.9,12.5855
55 Cnc c,2,5,0,<a refstr=MCARTHUR_ET_AL__2004 href=https://ui.adsabs.harvard.edu/abs/2004ApJ...614L..81M/abstract target=ref> McArthur et al. 2004 </a>,44.3989,,,0.94,0.91,12.5855
55 Cnc c,2,5,0,<a refstr=MCARTHUR_ET_AL__2004 href=https://ui.adsabs.harvard.edu/abs/2004ApJ...614L..81M/abstract target=ref> McArthur et al. 2004 </a>,43.93,,,,0.95,12.5855
55 Cnc c,2,5,0,<a refstr=MCARTHUR_ET_AL__2004 href=https://ui.adsabs.harvard.edu/abs/2004ApJ...614L..81M/abstract target=ref> McArthur et al. 2004 </a>,44.3446,,,0.96,0.9,12.5855
55 Cnc c,2,5,0,<a refstr=MCARTHUR_ET_AL__2004 href=https://ui.adsabs.harvard.edu/abs/2004ApJ...614L..81M/abstract target=ref> McArthur et al. 2004 </a>,44.3787,,,0.96,0.9,12.5855
55 Cnc d,2,5,0,<a refstr=MARCY_ET_AL__2002 href=https://ui.adsabs.harvard.edu/abs/2002ApJ...581.1375M/abstract target=ref> Marcy et al. 2002 </a>,5370,,,0.96,0.9,12.5855
55 Cnc d,2,5,0,<a refstr=MARCY_ET_AL__2002 href=https://ui.adsabs.harvard.edu/abs/2002ApJ...581.1375M/abstract target=ref> Marcy et al. 2002 </a>,4909,,,0.96,0.9,12.5855
55 Cnc d,2,5,0,<a refstr=MARCY_ET_AL__2002 href=https://ui.adsabs.harvard.edu/abs/2002ApJ...581.1375M/abstract target=ref> Marcy et al. 2002 </a>,4867,,1226.77,0.96,0.9,12.5855
55 Cnc d,2,5,0,<a refstr=MARCY_ET_AL__2002 href=https://ui.adsabs.harvard.edu/abs/2002ApJ...581.1375M/abstract target=ref> Marcy et al. 2002 </a>,4545,,,,,12.5855
55 Cnc d,2,5,0,<a refstr=MARCY_ET_AL__2002 href=https://ui.adsabs.harvard.edu/abs/2002ApJ...581.1375M/abstract target=ref> Marcy et al. 2002 </a>,4825,,1232.493,,0.95,12.5855
55 Cnc d,2,5,0,<a refstr=MARCY_ET_AL__2002 href=https://ui.adsabs.harvard.edu/abs/2002ApJ...581.1375M/abstract target=ref> Marcy et al. 2002 </a>,5218,,,0.96,0.9,12.5855
55 Cnc d,2,5,0,<a refstr=MARCY_ET_AL__2002 href=https://ui.adsabs.harvard.edu/abs/2002ApJ...581.1375M/abstract target=ref> Marcy et al. 2002 </a>,5360,,,,0.95,12.5855
55 Cnc d,2,5,0,<a refstr=MARCY_ET_AL__2002 href=https://ui.adsabs.harvard.edu/abs/2002ApJ...581.1375M/abstract target=ref> Marcy et al. 2002 </a>,5574.2,,,0.94,0.91,12.5855
55 Cnc d,2,5,0,<a refstr=MARCY_ET_AL__2002 href=https://ui.adsabs.harvard.edu/abs/2002ApJ...581.1375M/abstract target=ref> Marcy et al. 2002 </a>,4517.4,,,,0.95,12.5855
55 Cnc e,2,5,0,<a refstr=MCARTHUR_ET_AL__2004 href=https://ui.adsabs.harvard.edu/abs/2004ApJ...614L..81M/abstract target=ref> McArthur et al. 2004 </a>,0.7365437,2.08,7.81,0.94,0.91,12.5855
55 Cnc e,2,5,0,<a refstr=MCARTHUR_ET_AL__2004 href=https://ui.adsabs.harvard.edu/abs/2004ApJ...614L..81M/abstract target=ref> McArthur et al. 2004 </a>,0.73654,2,8.63,0.94,0.96,12.5855
55 Cnc e,2,5,0,<a refstr=MCARTHUR_ET_AL__2004 href=https://ui.adsabs.harvard.edu/abs/2004ApJ...614L..81M/abstract target=ref> McArthur et al. 2004 </a>,,,,0.96,0.9,12.5855
55 Cnc e,2,5,0,<a refstr=MCARTHUR_ET_AL__2004 href=https://ui.adsabs.harvard.edu/abs/2004ApJ...614L..81M/abstract target=ref> McArthur et al. 2004 </a>,0.7365515,,8.13928,,0.95,12.5855
55 Cnc e,2,5,0,<a refstr=MCARTHUR_ET_AL__2004 href=https://ui.adsabs.harvard.edu/abs/2004ApJ...614L..81M/abstract target=ref> McArthur et al. 2004 </a>,2.79674,,,0.96,0.9,12.5855
55 Cnc e,2,5,0,<a refstr=MCARTHUR_ET_AL__2004 href=https://ui.adsabs.harvard.edu/abs/2004ApJ...614L..81M/abstract target=ref> McArthur et al. 2004 </a>,0.7365417,,,,,12.5855
55 Cnc e,2,5,0,<a refstr=MCARTHUR_ET_AL__2004 href=https://ui.adsabs.harvard.edu/abs/2004ApJ...614L..81M/abstract target=ref> McArthur et al. 2004 </a>,0.736539,1.91,8.08,0.96,0.9,12.5855
55 Cnc e,2,5,0,<a refstr=MCARTHUR_ET_AL__2004 href=https://ui.adsabs.harvard.edu/abs/2004ApJ...614L..81M/abstract target=ref> McArthur et al. 2004 </a>,0.736546,2.173,8.37,0.96,0.9,12.5855
55 Cnc e,2,5,0,<a refstr=MCARTHUR_ET_AL__2004 href=https://ui.adsabs.harvard.edu/abs/2004ApJ...614L..81M/abstract target=ref> McArthur et al. 2004 </a>,0.7365474,1.875,7.99,0.94,0.91,12.5855
55 Cnc e,2,5,0,<a refstr=MCARTHUR_ET_AL__2004 href=https://ui.adsabs.harvard.edu/abs/2004ApJ...614L..81M/abstract target=ref> McArthur et al. 2004 </a>,0.737,1.897,7.74,0.95,0.87,12.5855
55 Cnc e,2,5,0,<a refstr=MCARTHUR_ET_AL__2004 href=https://ui.adsabs.harvard.edu/abs/2004ApJ...614L..81M/abstract target=ref> McArthur et al. 2004 </a>,0.7365478,,8.09479,0.96,0.9,12.5855
55 Cnc e,2,5,0,<a refstr=MCARTHUR_ET_AL__2004 href=https://ui.adsabs.harvard.edu/abs/2004ApJ...614L..81M/abstract target=ref> McArthur et al. 2004 </a>,,1.92,8.08,0.96,0.9,12.5855
55 Cnc e,2,5,0,<a refstr=MCARTHUR_ET_AL__2004 href=https://ui.adsabs.harvard.edu/abs/2004ApJ...614L..81M/abstract target=ref> McArthur et al. 2004 </a>,2.808,,,,0.95,12.5855
55 Cnc f,2,5,0,<a refstr=FISCHER_ET_AL__2008 href=https://ui.adsabs.harvard.edu/abs/2008ApJ...675..790F/abstract target=ref> Fischer et al. 2008 </a>,259.88,,,0.94,0.91,12.5855
55 Cnc f,2,5,0,<a refstr=FISCHER_ET_AL__2008 href=https://ui.adsabs.harvard.edu/abs/2008ApJ...675..790F/abstract target=ref> Fischer et al. 2008 </a>,261.2,,,0.96,0.9,12.5855
55 Cnc f,2,5,0,<a refstr=FISCHER_ET_AL__2008 href=https://ui.adsabs.harvard.edu/abs/2008ApJ...675..790F/abstract target=ref> Fischer et al. 2008 </a>,262,,44.812,,0.95,12.5855
55 Cnc f,2,5,0,<a refstr=FISCHER_ET_AL__2008 href=https://ui.adsabs.harvard.edu/abs/2008ApJ...675..790F/abstract target=ref> Fischer et al. 2008 </a>,260.7,,,0.96,0.9,12.5855
55 Cnc f,2,5,0,<a refstr=FISCHER_ET_AL__2008 href=https://ui.adsabs.harvard.edu/abs/2008ApJ...675..790F/abstract target=ref> Fischer et al. 2008 </a>,260.91,,47.0051,0.96,0.9,12.5855
55 Cnc f,2,5,0,<a refstr=FISCHER_ET_AL__2008 href=https://ui.adsabs.harvard.edu/abs/2008ApJ...675..790F/abstract target=ref> Fischer et al. 2008 </a>,260,,,0.96,0.9,12.5855
GJ 1132 b,1,2,0,<a refstr=BERTA_THOMPSON_ET_AL__2015 href=http://www.nature.com/nature/journal/v527/n7577/full/nature15762.html target=ref>Berta-Thompson et al. 2015</a>,1.628931,1.13,1.66,0.21,0.18,12.613
GJ 1132 b,1,2,0,<a refstr=BERTA_THOMPSON_ET_AL__2015 href=http://www.nature.com/nature/journal/v527/n7577/full/nature15762.html target=ref>Berta-Thompson et al. 2015</a>,1.62893,1.16,1.62,0.21,0.18,12.613
GJ 1132 b,1,2,0,<a refstr=BERTA_THOMPSON_ET_AL__2015 href=http://www.nature.com/nature/journal/v527/n7577/full/nature15762.html target=ref>Berta-Thompson et al. 2015</a>,1.6289287,1.43,1.63,0.26,0.18,12.613
GJ 1132 b,1,2,0,<a refstr=BERTA_THOMPSON_ET_AL__2015 href=http://www.nature.com/nature/journal/v527/n7577/full/nature15762.html target=ref>Berta-Thompson et al. 2015</a>,,,1.58,,,12.613
GJ 1132 c,1,2,0,<a refstr=FENG_ET_AL__2017 href=https://ui.adsabs.harvard.edu/abs/2017MNRAS.470.4794F/abstract target=ref>Feng et al. 2017</a>,8.929,,,0.21,0.18,12.613
GJ 422 b,1,1,0,<a refstr=TUOMI_ET_AL__2014 href=https://ui.adsabs.harvard.edu/abs/2014MNRAS.441.1545T/abstract target=ref>Tuomi et al. 2014</a>,20.129,,,,0.35,12.6631
GJ 422 b,1,1,0,<a refstr=TUOMI_ET_AL__2014 href=https://ui.adsabs.harvard.edu/abs/2014MNRAS.441.1545T/abstract target=ref>Tuomi et al. 2014</a>,26.161,,,,0.35,12.6631
HD 190007 b,1,1,0,<a refstr=BURT_ET_AL__2020 href=https://ui.adsabs.harvard.edu/abs/2020arXiv201108867B/abstract target=ref>Burt et al. 2020</a>,11.72,,,0.79,0.77,12.7141
HD 147513 b,2,1,0,<a refstr=MAYOR_ET_AL__2004 href=https://ui.adsabs.harvard.edu/abs/2004A&A...415..391M/abstract target=ref> Mayor et al. 2004 </a>,528.4,,,,1.11,12.9032
HD 40307 b,1,5,0,<a refstr=MAYOR_ET_AL__2009 href=https://ui.adsabs.harvard.edu/abs/2009A&A...493..639M/abstract target=ref> Mayor et al. 2009 </a>,4.3123,,,,0.77,12.9363
HD 40307 b,1,5,0,<a refstr=MAYOR_ET_AL__2009 href=https://ui.adsabs.harvard.edu/abs/2009A&A...493..639M/abstract target=ref> Mayor et al. 2009 </a>,4.3115,,,,0.77,12.9363
HD 40307 b,1,5,0,<a refstr=MAYOR_ET_AL__2009 href=https://ui.adsabs.harvard.edu/abs/2009A&A...493..639M/abstract target=ref> Mayor et al. 2009 </a>,4.3123,,,0.72,0.79,12.9363
HD 40307 c,1,5,0,<a refstr=MAYOR_ET_AL__2009 href=https://ui.adsabs.harvard.edu/abs/2009A&A...493..639M/abstract target=ref> Mayor et al. 2009 </a>,9.6207,,,,0.77,12.9363
HD 40307 c,1,5,0,<a refstr=MAYOR_ET_AL__2009 href=https://ui.adsabs.harvard.edu/abs/2009A&A...493..639M/abstract target=ref> Mayor et al. 2009 </a>,9.6183,,,0.72,0.79,12.9363
HD 40307 c,1,5,0,<a refstr=MAYOR_ET_AL__2009 href=https://ui.adsabs.harvard.edu/abs/2009A&A...493..639M/abstract target=ref> Mayor et al. 2009 </a>,9.6184,,,,0.77,12.9363
HD 40307 d,1,5,0,<a refstr=MAYOR_ET_AL__2009 href=https://ui.adsabs.harvard.edu/abs/2009A&A...493..639M/abstract target=ref> Mayor et al. 2009 </a>,20.432,,,,0.77,12.9363
HD 40307 d,1,5,0,<a refstr=MAYOR_ET_AL__2009 href=https://ui.adsabs.harvard.edu/abs/2009A&A...493..639M/abstract target=ref> Mayor et al. 2009 </a>,20.4185,,,,0.77,12.9363
HD 40307 d,1,5,0,<a refstr=MAYOR_ET_AL__2009 href=https://ui.adsabs.harvard.edu/abs/2009A&A...493..639M/abstract target=ref> Mayor et al. 2009 </a>,20.4321,,,0.72,0.79,12.9363
HD 40307 f,1,5,0,<a refstr=TUOMI_ET_AL__2013 href=https://ui.adsabs.harvard.edu/abs/2013A%26A...549A..48T/abstract target=ref> Tuomi et al. 2013 </a>,51.76,,,,0.77,12.9363
HD 40307 f,1,5,0,<a refstr=TUOMI_ET_AL__2013 href=https://ui.adsabs.harvard.edu/abs/2013A%26A...549A..48T/abstract target=ref> Tuomi et al. 2013 </a>,51.56,,,,0.77,12.9363
HD 40307 f,1,5,0,<a refstr=TUOMI_ET_AL__2013 href=https://ui.adsabs.harvard.edu/abs/2013A%26A...549A..48T/abstract target=ref> Tuomi et al. 2013 </a>,51.7768,,,0.72,0.79,12.9363
HD 40307 g,1,5,0,<a refstr=TUOMI_ET_AL__2013 href=https://ui.adsabs.harvard.edu/abs/2013A%26A...549A..48T/abstract target=ref> Tuomi et al. 2013 </a>,196.343,,,0.72,0.79,12.9363
HD 40307 g,1,5,0,<a refstr=TUOMI_ET_AL__2013 href=https://ui.adsabs.harvard.edu/abs/2013A%26A...549A..48T/abstract target=ref> Tuomi et al. 2013 </a>,197.8,,,,0.77,12.9363
HD 211970 b,1,1,0,<a refstr=FENG_ET_AL__2019 href=https://ui.adsabs.harvard.edu/abs/2019ApJS..242...25F/abstract target=ref>Feng et al. 2019</a>,25.201,,,,0.61,13.1277
ups And b,2,3,0,<a refstr=BUTLER_ET_AL__1997 href=https://ui.adsabs.harvard.edu/abs/1997ApJ...474L.115B/abstract target=ref> Butler et al. 1997 </a>,4.61712,,,,,13.4054
ups And b,2,3,0,<a refstr=BUTLER_ET_AL__1997 href=https://ui.adsabs.harvard.edu/abs/1997ApJ...474L.115B/abstract target=ref> Butler et al. 1997 </a>,4.611,,,,1.2,13.4054
ups And b,2,3,0,<a refstr=BUTLER_ET_AL__1997 href=https://ui.adsabs.harvard.edu/abs/1997ApJ...474L.115B/abstract target=ref> Butler et al. 1997 </a>,4.617033,,,1.56,1.3,13.4054
ups And b,2,3,0,<a refstr=BUTLER_ET_AL__1997 href=https://ui.adsabs.harvard.edu/abs/1997ApJ...474L.115B/abstract target=ref> Butler et al. 1997 </a>,4.61708,,,,,13.4054
ups And b,2,3,0,<a refstr=BUTLER_ET_AL__1997 href=https://ui.adsabs.harvard.edu/abs/1997ApJ...474L.115B/abstract target=ref> Butler et al. 1997 </a>,4.617136,,,1.64,1.15,13.4054
ups And c,2,3,0,<a refstr=BUTLER_ET_AL__1999 href=https://ui.adsabs.harvard.edu/abs/1999ApJ...526..916B/abstract target=ref> Butler et al. 1999 </a>,241.52,,,,,13.4054
ups And c,2,3,0,<a refstr=BUTLER_ET_AL__1999 href=https://ui.adsabs.harvard.edu/abs/1999ApJ...526..916B/abstract target=ref> Butler et al. 1999 </a>,238.1,,,,,13.4054
ups And c,2,3,0,<a refstr=BUTLER_ET_AL__1999 href=https://ui.adsabs.harvard.edu/abs/1999ApJ...526..916B/abstract target=ref> Butler et al. 1999 </a>,241.33,,,1.64,1.15,13.4054
ups And c,2,3,0,<a refstr=BUTLER_ET_AL__1999 href=https://ui.adsabs.harvard.edu/abs/1999ApJ...526..916B/abstract target=ref> Butler et al. 1999 </a>,241.258,,,1.56,1.3,13.4054
ups And d,2,3,0,<a refstr=BUTLER_ET_AL__1999 href=https://ui.adsabs.harvard.edu/abs/1999ApJ...526..916B/abstract target=ref> Butler et al. 1999 </a>,1278.1,,,1.64,1.15,13.4054
ups And d,2,3,0,<a refstr=BUTLER_ET_AL__1999 href=https://ui.adsabs.harvard.edu/abs/1999ApJ...526..916B/abstract target=ref> Butler et al. 1999 </a>,1319,,,,,13.4054
ups And d,2,3,0,<a refstr=BUTLER_ET_AL__1999 href=https://ui.adsabs.harvard.edu/abs/1999ApJ...526..916B/abstract target=ref> Butler et al. 1999 </a>,1276.46,,,1.56,1.3,13.4054
ups And d,2,3,0,<a refstr=BUTLER_ET_AL__1999 href=https://ui.adsabs.harvard.edu/abs/1999ApJ...526..916B/abstract target=ref> Butler et al. 1999 </a>,1274.6,,,,,13.4054
GJ 3779 b,1,1,0,<a refstr=LUQUE_ET_AL__2018 href=https://ui.adsabs.harvard.edu/abs/2018A&A...620A.171L/abstract target=ref>Luque et al. 2018</a>,3.0232,,,0.28,0.27,13.743
47 UMa b,1,3,0,<a refstr=BUTLER___MARCY_1996 href=https://ui.adsabs.harvard.edu/abs/1996ApJ...464L.153B/abstract target=ref> Butler & Marcy 1996 </a>,1083.2,,,,,13.7967
47 UMa b,1,3,0,<a refstr=BUTLER___MARCY_1996 href=https://ui.adsabs.harvard.edu/abs/1996ApJ...464L.153B/abstract target=ref> Butler & Marcy 1996 </a>,1076.6,,,,1.06,13.7967
47 UMa b,1,3,0,<a refstr=BUTLER___MARCY_1996 href=https://ui.adsabs.harvard.edu/abs/1996ApJ...464L.153B/abstract target=ref> Butler & Marcy 1996 </a>,1100.8,,,,,13.7967
47 UMa b,1,3,0,<a refstr=BUTLER___MARCY_1996 href=https://ui.adsabs.harvard.edu/abs/1996ApJ...464L.153B/abstract target=ref> Butler & Marcy 1996 </a>,1078,,,1.21,1.06,13.7967
47 UMa c,1,3,0,<a refstr=FISCHER_ET_AL__2002 href=https://ui.adsabs.harvard.edu/abs/2002ApJ...564.1028F/abstract target=ref> Fischer et al. 2002 </a>,7586,,,,,13.7967
47 UMa c,1,3,0,<a refstr=FISCHER_ET_AL__2002 href=https://ui.adsabs.harvard.edu/abs/2002ApJ...564.1028F/abstract target=ref> Fischer et al. 2002 </a>,2391,,,1.21,1.06,13.7967
47 UMa d,1,3,0,<a refstr=GREGORY___FISCHER_2010 href=https://ui.adsabs.harvard.edu/abs/2010MNRAS.403..731G/abstract target=ref> Gregory &amp; Fischer 2010 </a>,14002,,,1.21,1.06,13.7967
TOI-540 b,1,1,0,<a refstr=MENT_ET_AL__2020 href=https://ui.adsabs.harvard.edu/abs/2020arXiv200913623M/abstract target=ref>Ment et al. 2020</a>,1.2391491,0.903,,0.19,0.16,14.0022
TOI-540 b,1,1,0,<a refstr=MENT_ET_AL__2020 href=https://ui.adsabs.harvard.edu/abs/2020arXiv200913623M/abstract target=ref>Ment et al. 2020</a>,1.239211,0.905,,0.2,,14.0022
gam Cep b,2,1,0,<a refstr=HATZES_ET_AL__2003 href=https://ui.adsabs.harvard.edu/abs/2003ApJ...599.1383H/abstract target=ref> Hatzes et al. 2003 </a>,905.574,,,4.66,1.59,14.1024
gam Cep b,2,1,0,<a refstr=HATZES_ET_AL__2003 href=https://ui.adsabs.harvard.edu/abs/2003ApJ...599.1383H/abstract target=ref> Hatzes et al. 2003 </a>,903.3,,,4.9,1.4,14.1024
GJ 480 b,1,1,0,<a refstr=FENG_ET_AL__2020 href=https://ui.adsabs.harvard.edu/abs/2020arXiv200807998F/abstract target=ref>Feng et al. 2020</a>,9.567,,,,0.45,14.2358
GJ 685 b,1,1,0,<a refstr=PINAMONTI_ET_AL__2019 href=https://ui.adsabs.harvard.edu/abs/2019A&A...625A.126P/abstract target=ref>Pinamonti et al. 2019</a>,24.16,,,0.54,0.55,14.3155
HIP 79431 b,1,1,0,<a refstr=APPS_ET_AL__2010 href=https://ui.adsabs.harvard.edu/abs/2010PASP..122..156A/abstract target=ref> Apps et al. 2010 </a>,111.7,,,0.48,0.48,14.5324
GJ 1214 b,1,1,0,<a refstr=CHARBONNEAU_ET_AL__2009 href=https://ui.adsabs.harvard.edu/abs/2009Natur.462..891C/abstract target=ref> Charbonneau et al. 2009 </a>,1.58040481,,,0.21,,14.6427
GJ 1214 b,1,1,0,<a refstr=CHARBONNEAU_ET_AL__2009 href=https://ui.adsabs.harvard.edu/abs/2009Natur.462..891C/abstract target=ref> Charbonneau et al. 2009 </a>,1.58040482,2.65,6.45,0.21,0.16,14.6427
GJ 1214 b,1,1,0,<a refstr=CHARBONNEAU_ET_AL__2009 href=https://ui.adsabs.harvard.edu/abs/2009Natur.462..891C/abstract target=ref> Charbonneau et al. 2009 </a>,1.58040465,,,0.21,0.18,14.6427
GJ 1214 b,1,1,0,<a refstr=CHARBONNEAU_ET_AL__2009 href=https://ui.adsabs.harvard.edu/abs/2009Natur.462..891C/abstract target=ref> Charbonneau et al. 2009 </a>,1.5804049,2.64,,0.21,0.16,14.6427
GJ 1214 b,1,1,0,<a refstr=CHARBONNEAU_ET_AL__2009 href=https://ui.adsabs.harvard.edu/abs/2009Natur.462..891C/abstract target=ref> Charbonneau et al. 2009 </a>,1.5804043,2.61,,0.2,,14.6427
GJ 1214 b,1,1,0,<a refstr=CHARBONNEAU_ET_AL__2009 href=https://ui.adsabs.harvard.edu/abs/2009Natur.462..891C/abstract target=ref> Charbonneau et al. 2009 </a>,1.5803925,2.678,6.55,0.21,0.16,14.6427
GJ 1214 b,1,1,0,<a refstr=CHARBONNEAU_ET_AL__2009 href=https://ui.adsabs.harvard.edu/abs/2009Natur.462..891C/abstract target=ref> Charbonneau et al. 2009 </a>,1.58040482,2.27,6.43,0.18,0.16,14.6427
GJ 1214 b,1,1,0,<a refstr=CHARBONNEAU_ET_AL__2009 href=https://ui.adsabs.harvard.edu/abs/2009Natur.462..891C/abstract target=ref> Charbonneau et al. 2009 </a>,1.58040487,2.74,6.37,0.21,0.15,14.6427
GJ 1214 b,1,1,0,<a refstr=CHARBONNEAU_ET_AL__2009 href=https://ui.adsabs.harvard.edu/abs/2009Natur.462..891C/abstract target=ref> Charbonneau et al. 2009 </a>,1.58040417,,,0.22,0.18,14.6427
GJ 1214 b,1,1,0,<a refstr=CHARBONNEAU_ET_AL__2009 href=https://ui.adsabs.harvard.edu/abs/2009Natur.462..891C/abstract target=ref> Charbonneau et al. 2009 </a>,1.58040456,2.847,6.26125,0.22,0.15,14.6427
GJ 1214 b,1,1,0,<a refstr=CHARBONNEAU_ET_AL__2009 href=https://ui.adsabs.harvard.edu/abs/2009Natur.462..891C/abstract target=ref> Charbonneau et al. 2009 </a>,1.58040481,,,,,14.6427
GJ 1214 b,1,1,0,<a refstr=CHARBONNEAU_ET_AL__2009 href=https://ui.adsabs.harvard.edu/abs/2009Natur.462..891C/abstract target=ref> Charbonneau et al. 2009 </a>,1.58040494,,,0.21,0.18,14.6427
GJ 1214 b,1,1,0,<a refstr=CHARBONNEAU_ET_AL__2009 href=https://ui.adsabs.harvard.edu/abs/2009Natur.462..891C/abstract target=ref> Charbonneau et al. 2009 </a>,1.58040835,,,0.21,0.18,14.6427
GJ 1214 b,1,1,0,<a refstr=CHARBONNEAU_ET_AL__2009 href=https://ui.adsabs.harvard.edu/abs/2009Natur.462..891C/abstract target=ref> Charbonneau et al. 2009 </a>,,,,0.2,,14.6427
HD 136352 b,1,3,0,<a refstr=UDRY_ET_AL__2019 href=https://ui.adsabs.harvard.edu/abs/2019A&A...622A..37U/abstract target=ref>Udry et al. 2019</a>,11.57779,1.482,4.62,1.01,0.91,14.682
HD 136352 b,1,3,0,<a refstr=UDRY_ET_AL__2019 href=https://ui.adsabs.harvard.edu/abs/2019A&A...622A..37U/abstract target=ref>Udry et al. 2019</a>,11.5824,,,,0.81,14.682
HD 136352 c,1,3,0,<a refstr=UDRY_ET_AL__2019 href=https://ui.adsabs.harvard.edu/abs/2019A&A...622A..37U/abstract target=ref>Udry et al. 2019</a>,27.5821,,,,0.81,14.682
HD 136352 c,1,3,0,<a refstr=UDRY_ET_AL__2019 href=https://ui.adsabs.harvard.edu/abs/2019A&A...622A..37U/abstract target=ref>Udry et al. 2019</a>,27.5909,2.608,11.29,1.01,0.91,14.682
HD 136352 d,1,3,0,<a refstr=UDRY_ET_AL__2019 href=https://ui.adsabs.harvard.edu/abs/2019A&A...622A..37U/abstract target=ref>Udry et al. 2019</a>,107.63,,,1.01,0.91,14.682
HD 136352 d,1,3,0,<a refstr=UDRY_ET_AL__2019 href=https://ui.adsabs.harvard.edu/abs/2019A&A...622A..37U/abstract target=ref>Udry et al. 2019</a>,107.5983,,,,0.81,14.682
LHS 3844 b,1,1,0,<a refstr=VANDERSPEK_ET_AL__2019 href=https://ui.adsabs.harvard.edu/abs/2019ApJ...871L..24V/abstract target=ref>Vanderspek et al. 2019</a>,0.462884,1.354,,0.19,,14.8846
LHS 3844 b,1,1,0,<a refstr=VANDERSPEK_ET_AL__2019 href=https://ui.adsabs.harvard.edu/abs/2019ApJ...871L..24V/abstract target=ref>Vanderspek et al. 2019</a>,0.46292913,1.303,,0.19,0.15,14.8846
Gl 378 b,1,1,0,<a refstr=HOBSON_ET_AL__2019 href=https://ui.adsabs.harvard.edu/abs/2019A&A...625A..18H/abstract target=ref>Hobson et al. 2019</a>,3.822,,,0.56,0.56,14.9545
LHS 1140 b,1,2,0,<a refstr=DITTMANN_ET_AL__2017 href=https://ui.adsabs.harvard.edu/abs/2017Natur.544..333D/abstract target=ref>Dittmann et al. 2017</a>,24.736959,1.727,6.98,0.21,0.18,14.9861
LHS 1140 b,1,2,0,<a refstr=DITTMANN_ET_AL__2017 href=https://ui.adsabs.harvard.edu/abs/2017Natur.544..333D/abstract target=ref>Dittmann et al. 2017</a>,24.73712,1.43,6.65,0.19,0.15,14.9861
LHS 1140 c,1,2,0,<a refstr=MENT_ET_AL__2019 href=https://ui.adsabs.harvard.edu/abs/2019AJ....157...32M/abstract target=ref>Ment et al. 2019</a>,3.777931,1.282,1.81,0.21,0.18,14.9861
GJ 163 b,1,3,0,<a refstr=BONFILS_ET_AL__2013 href=https://ui.adsabs.harvard.edu/abs/2013A%26A...556A.110B/abstract target=ref> Bonfils et al. 2013 </a>,8.63182,,,,,15.1285
GJ 163 c,1,3,0,<a refstr=BONFILS_ET_AL__2013 href=https://ui.adsabs.harvard.edu/abs/2013A%26A...556A.110B/abstract target=ref> Bonfils et al. 2013 </a>,25.63058,,,,,15.1285
GJ 163 d,1,3,0,<a refstr=BONFILS_ET_AL__2013 href=https://ui.adsabs.harvard.edu/abs/2013A%26A...556A.110B/abstract target=ref> Bonfils et al. 2013 </a>,603.95116,,,,,15.1285
GJ 317 b,1,2,0,<a refstr=JOHNSON_ET_AL__2007 href=https://ui.adsabs.harvard.edu/abs/2007ApJ...670..833J/abstract target=ref> Johnson et al. 2007 </a>,692.9,,,,0.26,15.1968
GJ 317 b,1,2,0,<a refstr=JOHNSON_ET_AL__2007 href=https://ui.adsabs.harvard.edu/abs/2007ApJ...670..833J/abstract target=ref> Johnson et al. 2007 </a>,695.66,,,,0.42,15.1968
GJ 317 b,1,2,0,<a refstr=JOHNSON_ET_AL__2007 href=https://ui.adsabs.harvard.edu/abs/2007ApJ...670..833J/abstract target=ref> Johnson et al. 2007 </a>,692,,794.5,,0.42,15.1968
GJ 317 c,1,2,0,<a refstr=BRYAN_ET_AL__2016 href=https://ui.adsabs.harvard.edu/abs/2016ApJ...821...89B/abstract target=ref>Bryan et al. 2016</a>,5312,,,,0.24,15.1968
GJ 317 c,1,2,0,<a refstr=BRYAN_ET_AL__2016 href=https://ui.adsabs.harvard.edu/abs/2016ApJ...821...89B/abstract target=ref>Bryan et al. 2016</a>,6739.323,,,,0.42,15.1968
GJ 317 c,1,2,0,<a refstr=BRYAN_ET_AL__2016 href=https://ui.adsabs.harvard.edu/abs/2016ApJ...821...89B/abstract target=ref>Bryan et al. 2016</a>,10000,,,,0.42,15.1968
51 Peg b,1,1,0,<a refstr=MAYOR___QUELOZ_1995 href=https://ui.adsabs.harvard.edu/abs/1995Natur.378..355M/abstract target=ref> Mayor & Queloz 1995 </a>,4.230785,,,1.18,1.03,15.4614
51 Peg b,1,1,0,<a refstr=MAYOR___QUELOZ_1995 href=https://ui.adsabs.harvard.edu/abs/1995Natur.378..355M/abstract target=ref> Mayor & Queloz 1995 </a>,4.23077,,,,,15.4614
51 Peg b,1,1,0,<a refstr=MAYOR___QUELOZ_1995 href=https://ui.adsabs.harvard.edu/abs/1995Natur.378..355M/abstract target=ref> Mayor & Queloz 1995 </a>,4.231,,146.2018,,1.04,15.4614
51 Peg b,1,1,0,<a refstr=MAYOR___QUELOZ_1995 href=https://ui.adsabs.harvard.edu/abs/1995Natur.378..355M/abstract target=ref> Mayor & Queloz 1995 </a>,4.2293,,,1.29,,15.4614
HD 160691 b,1,4,0,<a refstr=BUTLER_ET_AL__2001 href=https://ui.adsabs.harvard.edu/abs/2001ApJ...555..410B/abstract target=ref> Butler et al. 2001 </a>,643.25,,,,1.08,15.5981
HD 160691 b,1,4,0,<a refstr=BUTLER_ET_AL__2001 href=https://ui.adsabs.harvard.edu/abs/2001ApJ...555..410B/abstract target=ref> Butler et al. 2001 </a>,646.485,,,1.38,1.03,15.5981
HD 160691 b,1,4,0,<a refstr=BUTLER_ET_AL__2001 href=https://ui.adsabs.harvard.edu/abs/2001ApJ...555..410B/abstract target=ref> Butler et al. 2001 </a>,743,,,,1.08,15.5981
HD 160691 b,1,4,0,<a refstr=BUTLER_ET_AL__2001 href=https://ui.adsabs.harvard.edu/abs/2001ApJ...555..410B/abstract target=ref> Butler et al. 2001 </a>,637,,,,1.08,15.5981
HD 160691 b,1,4,0,<a refstr=BUTLER_ET_AL__2001 href=https://ui.adsabs.harvard.edu/abs/2001ApJ...555..410B/abstract target=ref> Butler et al. 2001 </a>,645.5,,,,1.08,15.5981
HD 160691 c,1,4,0,<a refstr=MCCARTHY_ET_AL__2004 href=https://ui.adsabs.harvard.edu/abs/2004ApJ...617..575M/abstract target=ref> McCarthy et al. 2004 </a>,4472.967,,,1.38,1.03,15.5981
HD 160691 c,1,4,0,<a refstr=MCCARTHY_ET_AL__2004 href=https://ui.adsabs.harvard.edu/abs/2004ApJ...617..575M/abstract target=ref> McCarthy et al. 2004 </a>,2986,,,,1.08,15.5981
HD 160691 c,1,4,0,<a refstr=MCCARTHY_ET_AL__2004 href=https://ui.adsabs.harvard.edu/abs/2004ApJ...617..575M/abstract target=ref> McCarthy et al. 2004 </a>,4205.8,,,,1.08,15.5981
HD 160691 d,1,4,0,<a refstr=SANTOS_ET_AL__2004 href=https://ui.adsabs.harvard.edu/abs/2004A&A...426L..19S/abstract target=ref> Santos et al. 2004 </a>,9.55,,,,1.1,15.5981
HD 160691 d,1,4,0,<a refstr=SANTOS_ET_AL__2004 href=https://ui.adsabs.harvard.edu/abs/2004A&A...426L..19S/abstract target=ref> Santos et al. 2004 </a>,9.6386,,,,1.08,15.5981
HD 160691 d,1,4,0,<a refstr=SANTOS_ET_AL__2004 href=https://ui.adsabs.harvard.edu/abs/2004A&A...426L..19S/abstract target=ref> Santos et al. 2004 </a>,9.6369,,,1.38,1.03,15.5981
HD 160691 e,1,4,0,<a refstr=PEPE_ET_AL__2007 href=https://ui.adsabs.harvard.edu/abs/2007A&A...462..769P/abstract target=ref> Pepe et al. 2007 </a>,307.475,,,1.38,1.03,15.5981
HD 160691 e,1,4,0,<a refstr=PEPE_ET_AL__2007 href=https://ui.adsabs.harvard.edu/abs/2007A&A...462..769P/abstract target=ref> Pepe et al. 2007 </a>,310.55,,,,1.08,15.5981
tau Boo b,2,1,0,<a refstr=BORSA_ET_AL__2015 href=https://ui.adsabs.harvard.edu/abs/2015A&A...578A..64B/abstract target=ref>Borsa et al. 2015</a>,3.312463,,,,1.35,15.6521
tau Boo b,2,1,0,<a refstr=BORSA_ET_AL__2015 href=https://ui.adsabs.harvard.edu/abs/2015A&A...578A..64B/abstract target=ref>Borsa et al. 2015</a>,3.3128,,,,1.2,15.6521
tau Boo b,2,1,0,<a refstr=BORSA_ET_AL__2015 href=https://ui.adsabs.harvard.edu/abs/2015A&A...578A..64B/abstract target=ref>Borsa et al. 2015</a>,3.3124568,,,1.43,1.32,15.6521
tau Boo b,2,1,0,<a refstr=BORSA_ET_AL__2015 href=https://ui.adsabs.harvard.edu/abs/2015A&A...578A..64B/abstract target=ref>Borsa et al. 2015</a>,3.312433,,1891,1.46,1.34,15.6521
HD 190360 b,2,2,0,<a refstr=NAEF_ET_AL__2003 href=https://ui.adsabs.harvard.edu/abs/2003A&A...410.1051N/abstract target=ref> Naef et al. 2003 </a>,2915.03687,,,1.14,0.99,16.0069
HD 190360 b,2,2,0,<a refstr=NAEF_ET_AL__2003 href=https://ui.adsabs.harvard.edu/abs/2003A&A...410.1051N/abstract target=ref> Naef et al. 2003 </a>,2891,,,,0.96,16.0069
HD 190360 b,2,2,0,<a refstr=NAEF_ET_AL__2003 href=https://ui.adsabs.harvard.edu/abs/2003A&A...410.1051N/abstract target=ref> Naef et al. 2003 </a>,2867.9,,,1.17,0.98,16.0069
HD 190360 b,2,2,0,<a refstr=NAEF_ET_AL__2003 href=https://ui.adsabs.harvard.edu/abs/2003A&A...410.1051N/abstract target=ref> Naef et al. 2003 </a>,2915,,,1.17,0.98,16.0069
HD 190360 b,2,2,0,<a refstr=NAEF_ET_AL__2003 href=https://ui.adsabs.harvard.edu/abs/2003A&A...410.1051N/abstract target=ref> Naef et al. 2003 </a>,3902,,,1.13,0.96,16.0069
HD 190360 b,2,2,0,<a refstr=NAEF_ET_AL__2003 href=https://ui.adsabs.harvard.edu/abs/2003A&A...410.1051N/abstract target=ref> Naef et al. 2003 </a>,2889,,,,0.98,16.0069
HD 190360 c,2,2,0,<a refstr=VOGT_ET_AL__2005 href=https://ui.adsabs.harvard.edu/abs/2005ApJ...632..638V/abstract target=ref> Vogt et al. 2005 </a>,17.1,,,,0.96,16.0069
HD 190360 c,2,2,0,<a refstr=VOGT_ET_AL__2005 href=https://ui.adsabs.harvard.edu/abs/2005ApJ...632..638V/abstract target=ref> Vogt et al. 2005 </a>,17.111,,,1.17,0.98,16.0069
HD 190360 c,2,2,0,<a refstr=VOGT_ET_AL__2005 href=https://ui.adsabs.harvard.edu/abs/2005ApJ...632..638V/abstract target=ref> Vogt et al. 2005 </a>,17.1186,,,1.17,0.98,16.0069
GJ 676 A b,2,4,0,<a refstr=FORVEILLE_ET_AL__2011 href=https://ui.adsabs.harvard.edu/abs/2011A%26A...526A.141F/abstract target=ref> Forveille et al. 2011 </a>,1050.3,,,,0.71,16.0272
GJ 676 A b,2,4,0,<a refstr=FORVEILLE_ET_AL__2011 href=https://ui.adsabs.harvard.edu/abs/2011A%26A...526A.141F/abstract target=ref> Forveille et al. 2011 </a>,1056.8,,,,,16.0272
GJ 676 A b,2,4,0,<a refstr=FORVEILLE_ET_AL__2011 href=https://ui.adsabs.harvard.edu/abs/2011A%26A...526A.141F/abstract target=ref> Forveille et al. 2011 </a>,1051.1,,2129.461,,,16.0272
GJ 676 A b,2,4,0,<a refstr=FORVEILLE_ET_AL__2011 href=https://ui.adsabs.harvard.edu/abs/2011A%26A...526A.141F/abstract target=ref> Forveille et al. 2011 </a>,1056.80005,,,0.69,0.73,16.0272
GJ 676 A c,2,4,0,<a refstr=SAHLMANN_ET_AL__2016 href=https://ui.adsabs.harvard.edu/abs/2016A&A...595A..77S/abstract target=ref>Sahlmann et al. 2016</a>,7337,,,,,16.0272
GJ 676 A d,2,4,0,<a refstr=ANGLADA_ESCUDE___TUOMI_2012 href=https://ui.adsabs.harvard.edu/abs/2012A%26A...548A..58A/abstract target=ref> Anglada-Escude & Tuomi 2012 </a>,3.6005,,,,,16.0272
GJ 676 A d,2,4,0,<a refstr=ANGLADA_ESCUDE___TUOMI_2012 href=https://ui.adsabs.harvard.edu/abs/2012A%26A...548A..58A/abstract target=ref> Anglada-Escude & Tuomi 2012 </a>,3.6,,,,0.71,16.0272
GJ 676 A e,2,4,0,<a refstr=ANGLADA_ESCUDE___TUOMI_2012 href=https://ui.adsabs.harvard.edu/abs/2012A%26A...548A..58A/abstract target=ref> Anglada-Escude & Tuomi 2012 </a>,35.39,,,,,16.0272
GJ 676 A e,2,4,0,<a refstr=ANGLADA_ESCUDE___TUOMI_2012 href=https://ui.adsabs.harvard.edu/abs/2012A%26A...548A..58A/abstract target=ref> Anglada-Escude & Tuomi 2012 </a>,35.37,,,,0.71,16.0272
HD 113538 b,1,2,0,<a refstr=MOUTOU_ET_AL__2011 href=https://ui.adsabs.harvard.edu/abs/2011A%26A...527A..63M/abstract target=ref> Moutou et al. 2011 </a>,663.2,,,0.53,0.58,16.2817
HD 113538 b,1,2,0,<a refstr=MOUTOU_ET_AL__2011 href=https://ui.adsabs.harvard.edu/abs/2011A%26A...527A..63M/abstract target=ref> Moutou et al. 2011 </a>,263.3,,,0.65,0.7,16.2817
HD 113538 c,1,2,0,<a refstr=MOUTOU_ET_AL__2011 href=https://ui.adsabs.harvard.edu/abs/2011A%26A...527A..63M/abstract target=ref> Moutou et al. 2011 </a>,1818,,,0.53,0.58,16.2817
HD 113538 c,1,2,0,<a refstr=MOUTOU_ET_AL__2011 href=https://ui.adsabs.harvard.edu/abs/2011A%26A...527A..63M/abstract target=ref> Moutou et al. 2011 </a>,1657,,,0.65,0.7,16.2817
GJ 143 b,1,2,0,<a refstr=TRIFONOV_ET_AL__2019 href=https://ui.adsabs.harvard.edu/abs/2019A&A...622L...7T/abstract target=ref>Trifonov et al. 2019</a>,35.613424,2.863,,0.71,,16.32
GJ 143 b,1,2,0,<a refstr=TRIFONOV_ET_AL__2019 href=https://ui.adsabs.harvard.edu/abs/2019A&A...622L...7T/abstract target=ref>Trifonov et al. 2019</a>,35.589,,30.63,0.73,0.76,16.32
GJ 143 b,1,2,0,<a refstr=TRIFONOV_ET_AL__2019 href=https://ui.adsabs.harvard.edu/abs/2019A&A...622L...7T/abstract target=ref>Trifonov et al. 2019</a>,35.61253,2.61,22.7,0.69,0.73,16.32
HD 21749 c,1,2,0,<a refstr=DRAGOMIR_ET_AL__2019 href=https://ui.adsabs.harvard.edu/abs/2019ApJ...875L...7D/abstract target=ref>Dragomir et al. 2019</a>,7.787068,1.076,,0.74,,16.32
HD 21749 c,1,2,0,<a refstr=DRAGOMIR_ET_AL__2019 href=https://ui.adsabs.harvard.edu/abs/2019ApJ...875L...7D/abstract target=ref>Dragomir et al. 2019</a>,7.78993,0.892,3.7,0.69,0.73,16.32
HD 128311 b,1,2,0,<a refstr=BUTLER_ET_AL__2003 href=https://ui.adsabs.harvard.edu/abs/2003ApJ...582..455B/abstract target=ref> Butler et al. 2003 </a>,458.6,,,,0.84,16.3292
HD 128311 b,1,2,0,<a refstr=BUTLER_ET_AL__2003 href=https://ui.adsabs.harvard.edu/abs/2003ApJ...582..455B/abstract target=ref> Butler et al. 2003 </a>,454.2,,,,0.83,16.3292
HD 128311 b,1,2,0,<a refstr=BUTLER_ET_AL__2003 href=https://ui.adsabs.harvard.edu/abs/2003ApJ...582..455B/abstract target=ref> Butler et al. 2003 </a>,460.1,,,,0.83,16.3292
HD 128311 b,1,2,0,<a refstr=BUTLER_ET_AL__2003 href=https://ui.adsabs.harvard.edu/abs/2003ApJ...582..455B/abstract target=ref> Butler et al. 2003 </a>,422,,,,0.8,16.3292
HD 128311 b,1,2,0,<a refstr=BUTLER_ET_AL__2003 href=https://ui.adsabs.harvard.edu/abs/2003ApJ...582..455B/abstract target=ref> Butler et al. 2003 </a>,453.019,,,0.76,0.83,16.3292
HD 128311 c,1,2,0,<a refstr=VOGT_ET_AL__2005 href=https://ui.adsabs.harvard.edu/abs/2005ApJ...632..638V/abstract target=ref> Vogt et al. 2005 </a>,921.538,,1204.25787,0.76,0.83,16.3292
HD 128311 c,1,2,0,<a refstr=VOGT_ET_AL__2005 href=https://ui.adsabs.harvard.edu/abs/2005ApJ...632..638V/abstract target=ref> Vogt et al. 2005 </a>,910.7,,,,0.83,16.3292
HD 128311 c,1,2,0,<a refstr=VOGT_ET_AL__2005 href=https://ui.adsabs.harvard.edu/abs/2005ApJ...632..638V/abstract target=ref> Vogt et al. 2005 </a>,928.3,,,,0.84,16.3292
HD 128311 c,1,2,0,<a refstr=VOGT_ET_AL__2005 href=https://ui.adsabs.harvard.edu/abs/2005ApJ...632..638V/abstract target=ref> Vogt et al. 2005 </a>,923.8,,,,0.83,16.3292
GJ 3082 b,1,1,0,<a refstr=FENG_ET_AL__2020 href=https://ui.adsabs.harvard.edu/abs/2020ApJS..246...11F/abstract target=ref>Feng et al. 2020</a>,11.949,,,,0.47,16.6186
HD 177565 b,1,1,0,<a refstr=FENG_ET_AL__2017 href=https://ui.adsabs.harvard.edu/abs/2017MNRAS.470.4794F/abstract target=ref>Feng et al. 2017</a>,44.505,,,,1,16.9179
GJ 3942 b,1,1,0,<a refstr=PERGER_ET_AL__2017 href=https://ui.adsabs.harvard.edu/abs/2017A&A...608A..63P/abstract target=ref>Perger et al. 2017</a>,6.905,,,0.61,0.63,16.9287
HD 7924 b,1,3,0,<a refstr=HOWARD_ET_AL__2009 href=https://ui.adsabs.harvard.edu/abs/2009ApJ...696...75H/abstract target=ref> Howard et al. 2009 </a>,5.39792,,,0.78,0.65,16.9922
HD 7924 b,1,3,0,<a refstr=HOWARD_ET_AL__2009 href=https://ui.adsabs.harvard.edu/abs/2009ApJ...696...75H/abstract target=ref> Howard et al. 2009 </a>,5.39792,,,0.78,0.83,16.9922
HD 7924 b,1,3,0,<a refstr=HOWARD_ET_AL__2009 href=https://ui.adsabs.harvard.edu/abs/2009ApJ...696...75H/abstract target=ref> Howard et al. 2009 </a>,5.39699,,,0.79,0.87,16.9922
HD 7924 b,1,3,0,<a refstr=HOWARD_ET_AL__2009 href=https://ui.adsabs.harvard.edu/abs/2009ApJ...696...75H/abstract target=ref> Howard et al. 2009 </a>,5.3978,,,0.78,0.83,16.9922
HD 7924 c,1,3,0,<a refstr=FULTON_ET_AL__2015 href=https://ui.adsabs.harvard.edu/abs/2015ApJ...805..175F/abstract target=ref>Fulton et al. 2015</a>,15.299,,,0.78,0.83,16.9922
HD 7924 d,1,3,0,<a refstr=FULTON_ET_AL__2015 href=https://ui.adsabs.harvard.edu/abs/2015ApJ...805..175F/abstract target=ref>Fulton et al. 2015</a>,24.451,,,0.78,0.83,16.9922
HR 810 b,1,1,0,<a refstr=KURSTER_ET_AL__2000 href=https://ui.adsabs.harvard.edu/abs/2000A&A...353L..33K/abstract target=ref> Kurster et al. 2000 </a>,320.1,,,,1.03,17.3181
HR 810 b,1,1,0,<a refstr=KURSTER_ET_AL__2000 href=https://ui.adsabs.harvard.edu/abs/2000A&A...353L..33K/abstract target=ref> Kurster et al. 2000 </a>,312,,,,1.03,17.3181
HR 810 b,1,1,0,<a refstr=KURSTER_ET_AL__2000 href=https://ui.adsabs.harvard.edu/abs/2000A&A...353L..33K/abstract target=ref> Kurster et al. 2000 </a>,302.79999,,,1.13,1.34,17.3181
HD 10647 b,1,1,0,<a refstr=BUTLER_ET_AL__2006 href=https://ui.adsabs.harvard.edu/abs/2006ApJ...646..505B/abstract target=ref> Butler et al. 2006 </a>,989.2,,,1.1,1.11,17.3357
HD 10647 b,1,1,0,<a refstr=BUTLER_ET_AL__2006 href=https://ui.adsabs.harvard.edu/abs/2006ApJ...646..505B/abstract target=ref> Butler et al. 2006 </a>,1003,,,,1.1,17.3357
rho CrB b,1,2,0,<a refstr=NOYES_ET_AL__1997 href=https://ui.adsabs.harvard.edu/abs/1997ApJ...483L.111N/abstract target=ref> Noyes et al. 1997 </a>,39.8458,,,1.36,0.89,17.4671
rho CrB b,1,2,0,<a refstr=NOYES_ET_AL__1997 href=https://ui.adsabs.harvard.edu/abs/1997ApJ...483L.111N/abstract target=ref> Noyes et al. 1997 </a>,39.645,,,1.31,1,17.4671
rho CrB c,1,2,0,<a refstr=FULTON_ET_AL__2016 href=https://ui.adsabs.harvard.edu/abs/2016ApJ...830...46F/abstract target=ref>Fulton et al. 2016</a>,102.54,,,1.36,0.89,17.4671
GJ 504 b,1,1,0,<a refstr=KUZUHARA_ET_AL__2013 href=https://ui.adsabs.harvard.edu/abs/2013ApJ...774...11K/abstract target=ref> Kuzuhara et al. 2013 </a>,,,1271.3,,1.22,17.5299
GJ 3021 b,2,1,0,<a refstr=NAEF_ET_AL__2001 href=https://ui.adsabs.harvard.edu/abs/2001A&A...375..205N/abstract target=ref> Naef et al. 2001 </a>,133.71,,,0.9,0.9,17.5559
LSPM J2116+0234 b,1,1,0,<a refstr=LALITHA_ET_AL__2019 href=https://ui.adsabs.harvard.edu/abs/2019A&A...627A.116L/abstract target=ref>Lalitha et al. 2019</a>,14.4399,,,0.43,0.43,17.6297
HIP 38594 b,1,2,0,<a refstr=FENG_ET_AL__2020 href=https://ui.adsabs.harvard.edu/abs/2020arXiv200807998F/abstract target=ref>Feng et al. 2020</a>,60.722,,,,0.61,17.7886
HIP 38594 c,1,2,0,<a refstr=FENG_ET_AL__2020 href=https://ui.adsabs.harvard.edu/abs/2020arXiv200807998F/abstract target=ref>Feng et al. 2020</a>,3477.768,,,,0.61,17.7886
70 Vir b,1,1,0,<a refstr=MARCY___BUTLER_1996 href=https://ui.adsabs.harvard.edu/abs/1996ApJ...464L.147M/abstract target=ref> Marcy & Butler 1996 </a>,116.6884,,2380.45,,1.11,17.9011
70 Vir b,1,1,0,<a refstr=MARCY___BUTLER_1996 href=https://ui.adsabs.harvard.edu/abs/1996ApJ...464L.147M/abstract target=ref> Marcy & Butler 1996 </a>,116.689,,,,,17.9011
70 Vir b,1,1,0,<a refstr=MARCY___BUTLER_1996 href=https://ui.adsabs.harvard.edu/abs/1996ApJ...464L.147M/abstract target=ref> Marcy & Butler 1996 </a>,116.6926,,,1.94,1.09,17.9011
70 Vir b,1,1,0,<a refstr=MARCY___BUTLER_1996 href=https://ui.adsabs.harvard.edu/abs/1996ApJ...464L.147M/abstract target=ref> Marcy & Butler 1996 </a>,116.6884,,,1.84,1.14,17.9011
70 Vir b,1,1,0,<a refstr=MARCY___BUTLER_1996 href=https://ui.adsabs.harvard.edu/abs/1996ApJ...464L.147M/abstract target=ref> Marcy & Butler 1996 </a>,116.688,,,1.89,1.09,17.9011
14 Her b,1,1,0,<a refstr=BUTLER_ET_AL__2003 href=https://ui.adsabs.harvard.edu/abs/2003ApJ...582..455B/abstract target=ref> Butler et al. 2003 </a>,1796.4,,,,0.9,17.9323
14 Her b,1,1,0,<a refstr=BUTLER_ET_AL__2003 href=https://ui.adsabs.harvard.edu/abs/2003ApJ...582..455B/abstract target=ref> Butler et al. 2003 </a>,1773.4,,,,,17.9323
14 Her b,1,1,0,<a refstr=BUTLER_ET_AL__2003 href=https://ui.adsabs.harvard.edu/abs/2003ApJ...582..455B/abstract target=ref> Butler et al. 2003 </a>,1724,,,,1,17.9323
14 Her b,1,1,0,<a refstr=BUTLER_ET_AL__2003 href=https://ui.adsabs.harvard.edu/abs/2003ApJ...582..455B/abstract target=ref> Butler et al. 2003 </a>,,,,,0.9,17.9323
14 Her b,1,1,0,<a refstr=BUTLER_ET_AL__2003 href=https://ui.adsabs.harvard.edu/abs/2003ApJ...582..455B/abstract target=ref> Butler et al. 2003 </a>,1766,,,1,0.91,17.9323
14 Her b,1,1,0,<a refstr=BUTLER_ET_AL__2003 href=https://ui.adsabs.harvard.edu/abs/2003ApJ...582..455B/abstract target=ref> Butler et al. 2003 </a>,1773.40002,,,0.93,0.9,17.9323
HN Peg b,1,1,0,<a refstr=LUHMAN_ET_AL__2007 href=https://ui.adsabs.harvard.edu/abs/2007ApJ...654..570L/abstract target=ref> Luhman et al. 2007 </a>,,11.777,6991.57,1.01,1.08,18.1186
GJ 3998 b,1,2,0,<a refstr=AFFER_ET_AL__2016 href=https://ui.adsabs.harvard.edu/abs/2016A&A...593A.117A/abstract target=ref>Affer et al. 2016</a>,2.64977,,,0.49,0.5,18.1459
GJ 3998 c,1,2,0,<a refstr=AFFER_ET_AL__2016 href=https://ui.adsabs.harvard.edu/abs/2016A&A...593A.117A/abstract target=ref>Affer et al. 2016</a>,13.74,,,0.49,0.5,18.1459
HD 99492 b,2,1,0,<a refstr=MARCY_ET_AL__2005 href=https://ui.adsabs.harvard.edu/abs/2005ApJ...619..570M/abstract target=ref> Marcy et al. 2005 </a>,17.038,,,,0.78,18.2038
HD 99492 b,2,1,0,<a refstr=MARCY_ET_AL__2005 href=https://ui.adsabs.harvard.edu/abs/2005ApJ...619..570M/abstract target=ref> Marcy et al. 2005 </a>,17.0431,,,0.75,0.85,18.2038
HD 99492 b,2,1,0,<a refstr=MARCY_ET_AL__2005 href=https://ui.adsabs.harvard.edu/abs/2005ApJ...619..570M/abstract target=ref> Marcy et al. 2005 </a>,17.054,,,0.78,0.85,18.2038
HD 99492 b,2,1,0,<a refstr=MARCY_ET_AL__2005 href=https://ui.adsabs.harvard.edu/abs/2005ApJ...619..570M/abstract target=ref> Marcy et al. 2005 </a>,17.054,,,0.96,0.83,18.2038
HD 99492 b,2,1,0,<a refstr=MARCY_ET_AL__2005 href=https://ui.adsabs.harvard.edu/abs/2005ApJ...619..570M/abstract target=ref> Marcy et al. 2005 </a>,17.0431,,,0.83,0.48,18.2038
HD 39091 b,1,2,0,<a refstr=JONES_ET_AL__2002 href=https://ui.adsabs.harvard.edu/abs/2002MNRAS.333..871J/abstract target=ref> Jones et al. 2002 </a>,2091.2,,,1.1,1.02,18.2702
HD 39091 b,1,2,0,<a refstr=JONES_ET_AL__2002 href=https://ui.adsabs.harvard.edu/abs/2002MNRAS.333..871J/abstract target=ref> Jones et al. 2002 </a>,2151,,,,1.1,18.2702
HD 39091 b,1,2,0,<a refstr=JONES_ET_AL__2002 href=https://ui.adsabs.harvard.edu/abs/2002MNRAS.333..871J/abstract target=ref> Jones et al. 2002 </a>,2049,,,,1.1,18.2702
HD 39091 b,1,2,0,<a refstr=JONES_ET_AL__2002 href=https://ui.adsabs.harvard.edu/abs/2002MNRAS.333..871J/abstract target=ref> Jones et al. 2002 </a>,2090.3,,4100.007,,1.09,18.2702
HD 39091 b,1,2,0,<a refstr=JONES_ET_AL__2002 href=https://ui.adsabs.harvard.edu/abs/2002MNRAS.333..871J/abstract target=ref> Jones et al. 2002 </a>,2093.07,,,1.1,1.09,18.2702
pi Men c,1,2,0,<a refstr=GANDOLFI_ET_AL__2018 href=https://ui.adsabs.harvard.edu/abs/2018A&A...619L..10G/abstract target=ref>Gandolfi et al. 2018</a>,6.26834,2.06,4.52,1.1,1.02,18.2702
pi Men c,1,2,0,<a refstr=GANDOLFI_ET_AL__2018 href=https://ui.adsabs.harvard.edu/abs/2018A&A...619L..10G/abstract target=ref>Gandolfi et al. 2018</a>,6.2679,2.042,4.82,1.1,1.09,18.2702
pi Men c,1,2,0,<a refstr=GANDOLFI_ET_AL__2018 href=https://ui.adsabs.harvard.edu/abs/2018A&A...619L..10G/abstract target=ref>Gandolfi et al. 2018</a>,6.267839,2.036,,1.15,,18.2702
HD 27442 b,2,1,0,<a refstr=BUTLER_ET_AL__2001 href=https://ui.adsabs.harvard.edu/abs/2001ApJ...555..410B/abstract target=ref> Butler et al. 2001 </a>,428.1,,,,1.23,18.2704
HD 27442 b,2,1,0,<a refstr=BUTLER_ET_AL__2001 href=https://ui.adsabs.harvard.edu/abs/2001ApJ...555..410B/abstract target=ref> Butler et al. 2001 </a>,415.2,,,,1.2,18.2704
HD 154345 b,1,1,0,<a refstr=WRIGHT_ET_AL__2007 href=https://ui.adsabs.harvard.edu/abs/2007ApJ...657..533W/abstract target=ref> Wright et al. 2007 </a>,3538,,,0.87,0.95,18.284
HD 154345 b,1,1,0,<a refstr=WRIGHT_ET_AL__2007 href=https://ui.adsabs.harvard.edu/abs/2007ApJ...657..533W/abstract target=ref> Wright et al. 2007 </a>,3341.55884,,,0.85,0.71,18.284
HD 154345 b,1,1,0,<a refstr=WRIGHT_ET_AL__2007 href=https://ui.adsabs.harvard.edu/abs/2007ApJ...657..533W/abstract target=ref> Wright et al. 2007 </a>,3342,,,,0.88,18.284
HD 154345 b,1,1,0,<a refstr=WRIGHT_ET_AL__2007 href=https://ui.adsabs.harvard.edu/abs/2007ApJ...657..533W/abstract target=ref> Wright et al. 2007 </a>,3267,,,,0.89,18.284
HD 87883 b,1,1,0,<a refstr=FISCHER_ET_AL__2009 href=https://ui.adsabs.harvard.edu/abs/2009ApJ...703.1545F/abstract target=ref> Fischer et al. 2009 </a>,2754,,,0.76,0.82,18.2912
HD 87883 b,1,1,0,<a refstr=FISCHER_ET_AL__2009 href=https://ui.adsabs.harvard.edu/abs/2009ApJ...703.1545F/abstract target=ref> Fischer et al. 2009 </a>,2754,,,0.79,0.66,18.2912
HIP 54373 b,1,2,0,<a refstr=FENG_ET_AL__2019 href=https://ui.adsabs.harvard.edu/abs/2019ApJS..242...25F/abstract target=ref>Feng et al. 2019</a>,7.76,,,,0.57,18.7168
HIP 54373 c,1,2,0,<a refstr=FENG_ET_AL__2019 href=https://ui.adsabs.harvard.edu/abs/2019ApJS..242...25F/abstract target=ref>Feng et al. 2019</a>,15.144,,,,0.57,18.7168
WD 0806-661 b,1,1,0,<a refstr=LUHMAN_ET_AL__2011 href=https://ui.adsabs.harvard.edu/abs/2011ApJ...730L...9L/abstract target=ref> Luhman et al. 2011 </a>,,,2383.6,,,19.2444
HD 216520 b,1,2,0,<a refstr=BURT_ET_AL__2020 href=https://ui.adsabs.harvard.edu/abs/2020arXiv201108867B/abstract target=ref>Burt et al. 2020</a>,35.45,,,0.76,0.82,19.552
HD 216520 c,1,2,0,<a refstr=BURT_ET_AL__2020 href=https://ui.adsabs.harvard.edu/abs/2020arXiv201108867B/abstract target=ref>Burt et al. 2020</a>,154.43,,,0.76,0.82,19.552
HD 192263 b,1,1,0,<a refstr=SANTOS_ET_AL__2000 href=https://ui.adsabs.harvard.edu/abs/2000A&A...356..599S/abstract target=ref> Santos et al. 2000 </a>,24.4,,,,,19.6359
HD 192263 b,1,1,0,<a refstr=SANTOS_ET_AL__2000 href=https://ui.adsabs.harvard.edu/abs/2000A&A...356..599S/abstract target=ref> Santos et al. 2000 </a>,24.3556,,,0.74,0.66,19.6359
HD 192263 b,1,1,0,<a refstr=SANTOS_ET_AL__2000 href=https://ui.adsabs.harvard.edu/abs/2000A&A...356..599S/abstract target=ref> Santos et al. 2000 </a>,24.3587,,,0.73,0.81,19.6359
HD 192263 b,1,1,0,<a refstr=SANTOS_ET_AL__2000 href=https://ui.adsabs.harvard.edu/abs/2000A&A...356..599S/abstract target=ref> Santos et al. 2000 </a>,24.13,,,,,19.6359
HD 192263 b,1,1,0,<a refstr=SANTOS_ET_AL__2000 href=https://ui.adsabs.harvard.edu/abs/2000A&A...356..599S/abstract target=ref> Santos et al. 2000 </a>,24.3556,,,,0.81,19.6359
HD 192263 b,1,1,0,<a refstr=SANTOS_ET_AL__2000 href=https://ui.adsabs.harvard.edu/abs/2000A&A...356..599S/abstract target=ref> Santos et al. 2000 </a>,24.348,,,,0.75,19.6359
bet Pic b,1,2,0,<a refstr=LAGRANGE_ET_AL__2009 href=https://ui.adsabs.harvard.edu/abs/2009A&A...493L..21L/abstract target=ref> Lagrange et al. 2009 </a>,8207,,,1.54,1.95,19.7442
bet Pic b,1,2,0,<a refstr=LAGRANGE_ET_AL__2009 href=https://ui.adsabs.harvard.edu/abs/2009A&A...493L..21L/abstract target=ref> Lagrange et al. 2009 </a>,7482.5,,,1.54,1.95,19.7442
bet Pic b,1,2,0,<a refstr=LAGRANGE_ET_AL__2009 href=https://ui.adsabs.harvard.edu/abs/2009A&A...493L..21L/abstract target=ref> Lagrange et al. 2009 </a>,7665,,,,1.76,19.7442
bet Pic b,1,2,0,<a refstr=LAGRANGE_ET_AL__2009 href=https://ui.adsabs.harvard.edu/abs/2009A&A...493L..21L/abstract target=ref> Lagrange et al. 2009 </a>,7800,,3146.517,,1.75,19.7442
bet Pic b,1,2,0,<a refstr=LAGRANGE_ET_AL__2009 href=https://ui.adsabs.harvard.edu/abs/2009A&A...493L..21L/abstract target=ref> Lagrange et al. 2009 </a>,,16.8,6356,1.54,1.95,19.7442
bet Pic b,1,2,0,<a refstr=LAGRANGE_ET_AL__2009 href=https://ui.adsabs.harvard.edu/abs/2009A&A...493L..21L/abstract target=ref> Lagrange et al. 2009 </a>,8110,,3496.13,,,19.7442
bet Pic b,1,2,0,<a refstr=LAGRANGE_ET_AL__2009 href=https://ui.adsabs.harvard.edu/abs/2009A&A...493L..21L/abstract target=ref> Lagrange et al. 2009 </a>,,18.495,2224.81,,,19.7442
bet Pic b,1,2,0,<a refstr=LAGRANGE_ET_AL__2009 href=https://ui.adsabs.harvard.edu/abs/2009A&A...493L..21L/abstract target=ref> Lagrange et al. 2009 </a>,6000,,2542.533,1.54,1.95,19.7442
bet Pic c,1,2,0,<a refstr=LAGRANGE_ET_AL__2019 href=https://ui.adsabs.harvard.edu/abs/2019NatAs...3.1135L/abstract target=ref>Lagrange et al. 2019</a>,1200,,2860.47,,1.75,19.7442
HD 189733 b,2,1,0,<a refstr=BOUCHY_ET_AL__2005 href=https://ui.adsabs.harvard.edu/abs/2005A&A...444L..15B/abstract target=ref> Bouchy et al. 2005 </a>,2.2185752,,,0.78,0.84,19.7638
HD 189733 b,2,1,0,<a refstr=BOUCHY_ET_AL__2005 href=https://ui.adsabs.harvard.edu/abs/2005A&A...444L..15B/abstract target=ref> Bouchy et al. 2005 </a>,,,,0.78,0.84,19.7638
HD 189733 b,2,1,0,<a refstr=BOUCHY_ET_AL__2005 href=https://ui.adsabs.harvard.edu/abs/2005A&A...444L..15B/abstract target=ref> Bouchy et al. 2005 </a>,2.219,14.12,365.49,0.76,0.82,19.7638
HD 189733 b,2,1,0,<a refstr=BOUCHY_ET_AL__2005 href=https://ui.adsabs.harvard.edu/abs/2005A&A...444L..15B/abstract target=ref> Bouchy et al. 2005 </a>,2.218573,,,0.77,,19.7638
HD 189733 b,2,1,0,<a refstr=BOUCHY_ET_AL__2005 href=https://ui.adsabs.harvard.edu/abs/2005A&A...444L..15B/abstract target=ref> Bouchy et al. 2005 </a>,2.2,12.3,349.6,,,19.7638
HD 189733 b,2,1,0,<a refstr=BOUCHY_ET_AL__2005 href=https://ui.adsabs.harvard.edu/abs/2005A&A...444L..15B/abstract target=ref> Bouchy et al. 2005 </a>,2.21857567,,,,,19.7638
HD 189733 b,2,1,0,<a refstr=BOUCHY_ET_AL__2005 href=https://ui.adsabs.harvard.edu/abs/2005A&A...444L..15B/abstract target=ref> Bouchy et al. 2005 </a>,,13.63,369.303,0.81,0.85,19.7638
HD 189733 b,2,1,0,<a refstr=BOUCHY_ET_AL__2005 href=https://ui.adsabs.harvard.edu/abs/2005A&A...444L..15B/abstract target=ref> Bouchy et al. 2005 </a>,2.218577,12.543,370.58978,0.77,0.81,19.7638
HD 189733 b,2,1,0,<a refstr=BOUCHY_ET_AL__2005 href=https://ui.adsabs.harvard.edu/abs/2005A&A...444L..15B/abstract target=ref> Bouchy et al. 2005 </a>,2.21857567,,,0.81,,19.7638
HD 189733 b,2,1,0,<a refstr=BOUCHY_ET_AL__2005 href=https://ui.adsabs.harvard.edu/abs/2005A&A...444L..15B/abstract target=ref> Bouchy et al. 2005 </a>,,,,0.78,0.84,19.7638
HD 189733 b,2,1,0,<a refstr=BOUCHY_ET_AL__2005 href=https://ui.adsabs.harvard.edu/abs/2005A&A...444L..15B/abstract target=ref> Bouchy et al. 2005 </a>,2.21857567,12.666,359.1479,0.75,0.79,19.7638
HD 189733 b,2,1,0,<a refstr=BOUCHY_ET_AL__2005 href=https://ui.adsabs.harvard.edu/abs/2005A&A...444L..15B/abstract target=ref> Bouchy et al. 2005 </a>,2.218573,12.756,363.582,0.76,0.81,19.7638
HD 189733 b,2,1,0,<a refstr=BOUCHY_ET_AL__2005 href=https://ui.adsabs.harvard.edu/abs/2005A&A...444L..15B/abstract target=ref> Bouchy et al. 2005 </a>,2.21857578,12.902,365.5045,0.75,0.84,19.7638
HD 189733 b,2,1,0,<a refstr=BOUCHY_ET_AL__2005 href=https://ui.adsabs.harvard.edu/abs/2005A&A...444L..15B/abstract target=ref> Bouchy et al. 2005 </a>,2.22,12.778,362.3262,0.78,0.84,19.7638
HD 189733 b,2,1,0,<a refstr=BOUCHY_ET_AL__2005 href=https://ui.adsabs.harvard.edu/abs/2005A&A...444L..15B/abstract target=ref> Bouchy et al. 2005 </a>,2.2185752,12.756,356.92309,0.76,0.81,19.7638
7 CMa b,1,2,0,<a refstr=WITTENMYER_ET_AL__2011 href=https://ui.adsabs.harvard.edu/abs/2011arXiv1111.1007W/abstract target=ref> Wittenmyer et al. 2011 </a>,796,,,4.91,,19.8101
7 CMa b,1,2,0,<a refstr=WITTENMYER_ET_AL__2011 href=https://ui.adsabs.harvard.edu/abs/2011arXiv1111.1007W/abstract target=ref> Wittenmyer et al. 2011 </a>,763,,,2.3,1.52,19.8101
7 CMa b,1,2,0,<a refstr=WITTENMYER_ET_AL__2011 href=https://ui.adsabs.harvard.edu/abs/2011arXiv1111.1007W/abstract target=ref> Wittenmyer et al. 2011 </a>,735.1,,,4.87,1.34,19.8101
7 CMa c,1,2,0,<a refstr=LUQUE_ET_AL__2019 href=https://ui.adsabs.harvard.edu/abs/2019A&A...631A.136L/abstract target=ref>Luque et al. 2019</a>,996,,,4.87,1.34,19.8101